-- phpMyAdmin SQL Dump
-- version 4.8.4
-- https://www.phpmyadmin.net/
--
-- Host: 127.0.0.1
-- Waktu pembuatan: 04 Mar 2022 pada 12.37
-- Versi server: 10.1.37-MariaDB
-- Versi PHP: 7.3.1

SET SQL_MODE = "NO_AUTO_VALUE_ON_ZERO";
SET AUTOCOMMIT = 0;
START TRANSACTION;
SET time_zone = "+00:00";


/*!40101 SET @OLD_CHARACTER_SET_CLIENT=@@CHARACTER_SET_CLIENT */;
/*!40101 SET @OLD_CHARACTER_SET_RESULTS=@@CHARACTER_SET_RESULTS */;
/*!40101 SET @OLD_COLLATION_CONNECTION=@@COLLATION_CONNECTION */;
/*!40101 SET NAMES utf8mb4 */;

--
-- Database: `try_hilang`
--
CREATE DATABASE IF NOT EXISTS `try_hilang` DEFAULT CHARACTER SET latin1 COLLATE latin1_swedish_ci;
USE `try_hilang`;

-- --------------------------------------------------------

--
-- Struktur dari tabel `failed_jobs`
--

DROP TABLE IF EXISTS `failed_jobs`;
CREATE TABLE `failed_jobs` (
  `id` bigint(20) UNSIGNED NOT NULL,
  `connection` text COLLATE utf8mb4_unicode_ci NOT NULL,
  `queue` text COLLATE utf8mb4_unicode_ci NOT NULL,
  `payload` longtext COLLATE utf8mb4_unicode_ci NOT NULL,
  `exception` longtext COLLATE utf8mb4_unicode_ci NOT NULL,
  `failed_at` timestamp NOT NULL DEFAULT CURRENT_TIMESTAMP
) ENGINE=InnoDB DEFAULT CHARSET=utf8mb4 COLLATE=utf8mb4_unicode_ci;

-- --------------------------------------------------------

--
-- Struktur dari tabel `migrations`
--

DROP TABLE IF EXISTS `migrations`;
CREATE TABLE `migrations` (
  `id` int(10) UNSIGNED NOT NULL,
  `migration` varchar(191) COLLATE utf8mb4_unicode_ci NOT NULL,
  `batch` int(11) NOT NULL
) ENGINE=InnoDB DEFAULT CHARSET=utf8mb4 COLLATE=utf8mb4_unicode_ci;

--
-- Dumping data untuk tabel `migrations`
--

INSERT INTO `migrations` (`id`, `migration`, `batch`) VALUES
(1, '2014_10_12_000000_create_users_table', 1),
(2, '2014_10_12_100000_create_password_resets_table', 1),
(3, '2019_08_19_000000_create_failed_jobs_table', 1),
(4, '2020_04_26_064713_create_table_role', 2),
(5, '2020_05_02_062720_addcolumnrolesatkeruser', 3),
(6, '2020_05_03_014105_create_table_satuan', 4);

-- --------------------------------------------------------

--
-- Struktur dari tabel `m_bulan`
--

DROP TABLE IF EXISTS `m_bulan`;
CREATE TABLE `m_bulan` (
  `id` int(11) NOT NULL,
  `text` varchar(64) NOT NULL
) ENGINE=InnoDB DEFAULT CHARSET=utf8mb4;

--
-- Dumping data untuk tabel `m_bulan`
--

INSERT INTO `m_bulan` (`id`, `text`) VALUES
(1, 'Jan'),
(2, 'Feb'),
(3, 'Mar'),
(4, 'Apr'),
(5, 'Mei'),
(6, 'Jun'),
(7, 'Jul'),
(8, 'Agu'),
(9, 'Sep'),
(10, 'Okt'),
(11, 'Nov'),
(12, 'Des');

-- --------------------------------------------------------

--
-- Struktur dari tabel `m_satker`
--

DROP TABLE IF EXISTS `m_satker`;
CREATE TABLE `m_satker` (
  `id` bigint(20) UNSIGNED NOT NULL,
  `name` varchar(64) COLLATE utf8mb4_unicode_ci NOT NULL,
  `satuan_id` bigint(20) UNSIGNED NOT NULL,
  `created_at` timestamp NULL DEFAULT NULL,
  `updated_at` timestamp NULL DEFAULT NULL
) ENGINE=InnoDB DEFAULT CHARSET=utf8mb4 COLLATE=utf8mb4_unicode_ci;

--
-- Dumping data untuk tabel `m_satker`
--

INSERT INTO `m_satker` (`id`, `name`, `satuan_id`, `created_at`, `updated_at`) VALUES
(1, 'Sat Reskrimrestabes  Bandung', 1, '2020-05-03 02:47:18', '2020-05-03 02:47:18'),
(2, 'Unit Reskrim Andir', 2, '2020-05-03 02:47:18', '2020-05-03 02:47:18'),
(3, 'Unit Reskrim Antapani', 3, '2020-05-03 02:47:18', '2020-05-03 02:47:18'),
(4, 'Unit Reskrim Arcamanik', 4, '2020-05-03 02:47:18', '2020-05-03 02:47:18'),
(5, 'Unit Reskrim Astana Anyar', 5, '2020-05-03 02:47:18', '2020-05-03 02:47:18'),
(6, 'Unit Reskrim Bandung Kidul', 6, '2020-05-03 02:47:18', '2020-05-03 02:47:18'),
(7, 'Unit Reskrim Babakan Ciparay', 7, '2020-05-03 02:47:18', '2020-05-03 02:47:18'),
(8, 'Unit Reskrim Bandung Kulon', 8, '2020-05-03 02:47:18', '2020-05-03 02:47:18'),
(9, 'Unit Reskrim Bandung Wetan', 9, '2020-05-03 02:47:18', '2020-05-03 02:47:18'),
(10, 'Unit Reskrim Batununggal', 10, '2020-05-03 02:47:18', '2020-05-03 02:47:18'),
(11, 'Unit Reskrim Bojongloa Kaler', 11, '2020-05-03 02:47:18', '2020-05-03 02:47:18'),
(12, 'Unit Reskrim Bojongloa Kidul', 12, '2020-05-03 02:47:18', '2020-05-03 02:47:18'),
(13, 'Unit Reskrim Buahbatu', 13, '2020-05-03 02:47:18', '2020-05-03 02:47:18'),
(14, 'Unit Reskrim Cibeunying Kaler', 14, '2020-05-03 02:47:18', '2020-05-03 02:47:18'),
(15, 'Unit Reskrim Cibeunying Kidul', 15, '2020-05-03 02:47:18', '2020-05-03 02:47:18'),
(16, 'Unit Reskrim Cicendo', 16, '2020-05-03 02:47:18', '2020-05-03 02:47:18'),
(17, 'Unit Reskrim Cidadap', 17, '2020-05-03 02:47:18', '2020-05-03 02:47:18'),
(18, 'Unit Reskrim Cinambo', 18, '2020-05-03 02:47:18', '2020-05-03 02:47:18'),
(19, 'Unit Reskrim Coblong', 19, '2020-05-03 02:47:18', '2020-05-03 02:47:18'),
(20, 'Unit Reskrim Gedebage', 20, '2020-05-03 02:47:18', '2020-05-03 02:47:18'),
(21, 'Unit Reskrim Kiaracondong', 21, '2020-05-03 02:47:18', '2020-05-03 02:47:18'),
(22, 'Unit Reskrim Lengkong', 22, '2020-05-03 02:47:18', '2020-05-03 02:47:18'),
(23, 'Unit Reskrim Panyileukan', 23, '2020-05-03 02:47:18', '2020-05-03 02:47:18'),
(24, 'Unit Reskrim Rancasari', 24, '2020-05-03 02:47:18', '2020-05-03 02:47:18'),
(25, 'Unit Reskrim Regol', 25, '2020-05-03 02:47:18', '2020-05-03 02:47:18'),
(26, 'Unit Reskrim Sukajadi', 26, '2020-05-03 02:47:18', '2020-05-03 02:47:18'),
(27, 'Unit Reskrim Sukasari', 27, '2020-05-03 02:47:18', '2020-05-03 02:47:18'),
(28, 'Unit Reskrim Sumur Bandung', 28, '2020-05-03 02:47:18', '2020-05-03 02:47:18'),
(29, 'Unit Reskrim Ujungberung', 29, '2020-05-03 02:47:18', '2020-05-03 02:47:18');

-- --------------------------------------------------------

--
-- Struktur dari tabel `m_satuan`
--

DROP TABLE IF EXISTS `m_satuan`;
CREATE TABLE `m_satuan` (
  `id` bigint(20) UNSIGNED NOT NULL,
  `name` varchar(64) COLLATE utf8mb4_unicode_ci NOT NULL,
  `level` int(11) NOT NULL,
  `map_path` text COLLATE utf8mb4_unicode_ci,
  `created_at` timestamp NULL DEFAULT NULL,
  `updated_at` timestamp NULL DEFAULT NULL
) ENGINE=InnoDB DEFAULT CHARSET=utf8mb4 COLLATE=utf8mb4_unicode_ci;

--
-- Dumping data untuk tabel `m_satuan`
--

INSERT INTO `m_satuan` (`id`, `name`, `level`, `map_path`, `created_at`, `updated_at`) VALUES
(1, 'Polrestabes Bandung', 1, NULL, '2020-05-03 02:20:15', '2020-05-03 02:20:15'),
(2, 'Polsek Andir', 2, 'M347,-638C351,-647,358,-658,349,-664C348,-665,347,-665,345,-666C341,-659,312,-666,306,-667C295,-668,286,-665,275,-664C252,-661,273,-646,271,-632C270,-619,253,-624,251,-615C249,-609,253,-604,251,-598C250,-593,248,-588,246,-583C244,-576,242,-576,236,-572C231,-568,232,-562,226,-561C226,-560,225,-560,225,-560L225,-560C224,-560,223,-560,223,-560C218,-560,211,-560,209,-562C199,-570,209,-581,193,-579C182,-577,171,-578,160,-582C150,-587,142,-590,130,-585C126,-584,122,-580,117,-579C112,-577,106,-578,100,-577C100,-564,94,-551,80,-548C70,-546,58,-547,53,-537C48,-528,53,-514,49,-503C46,-493,41,-485,35,-477C30,-471,22,-468,18,-462C13,-457,12,-452,4,-450C2,-448,0,-443,1,-439C3,-434,5,-435,10,-434C22,-432,34,-426,46,-425C55,-425,65,-424,72,-427C79,-429,87,-434,94,-435C103,-437,110,-433,116,-427C122,-422,125,-421,132,-422C136,-423,135,-424,138,-423C144,-434,148,-448,150,-456C159,-462,169,-461,177,-468C184,-475,189,-485,196,-490C206,-498,214,-494,223,-489C237,-481,239,-488,247,-498C253,-506,259,-516,267,-523C270,-525,273,-527,276,-530C276,-530,276,-530,276,-530C277,-530,277,-530,278,-531C282,-534,286,-536,290,-540C297,-548,295,-558,302,-565C310,-573,321,-574,329,-581C338,-590,331,-601,334,-612C336,-622,342,-630,347,-638z', '2020-05-03 02:20:15', '2020-05-03 02:20:15'),
(3, 'Polsek Antapani', 2, 'M402,-543C395,-554,395,-560,402,-570C409,-579,407,-588,399,-597C392,-605,384,-608,378,-617C371,-626,370,-636,370,-648C371,-659,376,-673,360,-669C355,-668,350,-667,346,-667C345,-666,345,-666,344,-665C345,-665,345,-666,345,-666C347,-665,348,-665,349,-664C358,-658,351,-647,347,-638C342,-630,336,-622,334,-612C331,-601,338,-590,329,-581C321,-574,310,-573,302,-565C295,-558,297,-548,290,-540C286,-536,282,-534,278,-531C274,-528,270,-526,267,-523C259,-516,253,-506,247,-498C239,-488,237,-481,223,-489C214,-494,206,-498,196,-490C189,-485,184,-475,177,-468C169,-461,159,-462,150,-456C148,-448,144,-434,138,-423C138,-423,138,-423,138,-423C139,-423,139,-423,140,-423C142,-422,144,-421,145,-419C148,-415,149,-411,149,-406C149,-398,149,-387,156,-381C162,-376,173,-376,181,-375C188,-373,196,-370,201,-365C211,-356,215,-347,231,-350C236,-351,239,-354,243,-355C247,-356,251,-356,255,-356C259,-355,260,-354,264,-353C273,-350,276,-356,283,-358C290,-360,295,-351,304,-354C312,-357,319,-362,328,-359C336,-357,339,-346,347,-345C355,-344,361,-349,368,-352C368,-357,370,-359,372,-364C377,-375,376,-385,379,-397C381,-408,383,-419,378,-429C374,-439,368,-446,361,-454C345,-474,367,-494,383,-507C392,-513,406,-511,413,-519C422,-529,407,-535,402,-543z', '2020-05-03 02:20:15', '2020-05-03 02:20:15'),
(4, 'Polsek Arcamanik', 2, 'M567,-480C577,-487,580,-498,573,-508C569,-515,564,-520,563,-527C559,-527,554,-526,550,-525C538,-524,526,-525,514,-525C502,-525,491,-528,480,-531C472,-534,461,-535,455,-542C449,-551,452,-564,454,-573C454,-579,456,-585,450,-588C444,-591,437,-587,433,-584C419,-573,414,-555,407,-538C413,-532,420,-527,413,-519C406,-511,392,-513,383,-507C367,-494,345,-474,361,-454C368,-446,374,-439,378,-429C383,-419,381,-408,379,-397C376,-385,377,-375,372,-364C370,-359,368,-357,368,-352C368,-352,368,-352,368,-352C370,-353,372,-354,374,-354C378,-354,412,-362,413,-360C413,-360,413,-359,413,-359C420,-356,425,-351,435,-352C443,-353,453,-355,461,-351C467,-348,473,-341,479,-337C485,-331,489,-324,493,-316C501,-314,511,-312,514,-303C517,-294,520,-286,523,-277C524,-277,524,-277,524,-277C525,-276,525,-275,526,-274C530,-271,538,-267,543,-270C548,-272,548,-277,551,-279C548,-284,545,-289,546,-296C546,-307,551,-318,546,-330C542,-339,534,-349,540,-361C545,-370,558,-367,565,-375C575,-386,561,-391,558,-401C554,-412,568,-416,570,-426C574,-441,560,-446,553,-456C547,-467,560,-475,567,-480z', '2020-05-03 02:20:15', '2020-05-03 02:20:15'),
(5, 'Polsek Astana Anyar', 2, 'M705,-346C688,-355,668,-376,680,-398C682,-402,687,-403,690,-408C700,-409,697,-421,696,-428C696,-430,696,-431,696,-433C693,-433,691,-434,688,-436C682,-440,678,-447,676,-454C675,-458,676,-461,673,-464C669,-467,664,-466,660,-468C649,-472,657,-480,660,-488C663,-496,666,-535,649,-525C644,-521,638,-515,633,-511C627,-507,623,-500,620,-493C619,-490,617,-484,614,-482C610,-479,608,-484,604,-485C596,-487,590,-480,585,-476C577,-467,569,-471,560,-475C554,-470,549,-463,553,-456C560,-446,574,-441,570,-426C568,-416,554,-412,558,-401C561,-391,575,-386,565,-375C558,-367,545,-370,540,-361C534,-349,542,-339,546,-330C551,-318,546,-307,546,-296C545,-289,548,-284,551,-279C551,-280,552,-281,553,-281C559,-283,566,-282,572,-284C579,-287,587,-291,592,-296C594,-299,597,-302,599,-305C601,-308,601,-313,604,-315C612,-321,618,-309,622,-304C627,-298,631,-293,640,-291C656,-286,671,-295,683,-279C688,-272,696,-270,702,-277C708,-285,706,-292,695,-291C694,-298,702,-306,706,-310C712,-316,720,-320,720,-328C720,-338,712,-342,705,-346z', '2020-05-03 02:20:15', '2020-05-03 02:20:15'),
(6, 'Polsek Bandung Kidul', 2, 'M567,-548C561,-550,554,-552,549,-554C542,-557,534,-561,527,-564C515,-571,507,-580,501,-592C499,-595,485,-624,479,-635C475,-642,472,-647,463,-649C454,-651,447,-646,440,-642C434,-638,426,-635,421,-631C415,-626,413,-618,412,-610C411,-603,410,-595,404,-590C408,-583,407,-577,402,-570C395,-560,395,-554,402,-543C403,-542,405,-540,407,-538C414,-555,419,-573,433,-584C437,-587,444,-591,450,-588C456,-585,454,-579,454,-573C452,-564,449,-551,455,-542C461,-535,472,-534,480,-531C491,-528,502,-525,514,-525C526,-525,538,-524,550,-525C554,-526,559,-527,563,-527C562,-530,562,-533,563,-537C564,-541,565,-545,567,-548z', '2020-05-03 02:20:15', '2020-05-03 02:20:15'),
(7, 'Polsek Babakan Ciparay', 2, 'M720,-498C721,-509,727,-519,722,-530C719,-537,714,-544,712,-552C711,-556,712,-558,712,-561C713,-565,712,-570,712,-574C712,-579,713,-584,714,-588C714,-589,714,-590,714,-590C714,-590,714,-591,715,-591C715,-595,715,-600,716,-605C716,-609,717,-612,717,-616C717,-616,706,-611,700,-609C693,-607,677,-606,678,-606C675,-605,672,-605,670,-605C661,-606,654,-608,647,-604C640,-600,635,-595,629,-591C626,-589,624,-588,622,-587C622,-587,622,-587,622,-587C621,-581,618,-576,612,-572C602,-567,587,-563,576,-556C576,-556,576,-556,576,-556C573,-554,570,-551,567,-548C565,-545,564,-541,563,-537C562,-533,562,-530,563,-527C564,-520,569,-515,573,-508C580,-498,577,-487,567,-480C565,-479,562,-477,560,-475C569,-471,577,-467,585,-476C590,-480,596,-487,604,-485C608,-484,610,-479,614,-482C617,-484,619,-490,620,-493C623,-500,627,-507,633,-511C638,-515,644,-521,649,-525C666,-535,663,-496,660,-488C657,-480,649,-472,660,-468C664,-466,669,-467,673,-464C676,-461,675,-458,676,-454C678,-447,682,-440,688,-436C691,-434,693,-433,696,-433C696,-433,696,-433,696,-433C696,-439,698,-444,701,-451C710,-456,714,-466,718,-475C719,-477,719,-478,720,-479C718,-485,719,-492,720,-498z', '2020-05-03 02:20:16', '2020-05-03 02:20:16'),
(8, 'Polsek Bandung Kulon', 2, 'M808,-524C807,-527,805,-531,804,-534C802,-537,800,-540,799,-543C799,-543,799,-543,799,-543C798,-546,795,-549,793,-552C792,-556,790,-559,788,-563C786,-568,783,-575,784,-581C785,-587,790,-591,786,-597C783,-600,780,-600,782,-606C783,-610,785,-613,784,-618C783,-627,775,-631,769,-635C766,-637,762,-640,758,-640C755,-640,749,-640,745,-639C736,-637,738,-626,732,-622C728,-619,722,-618,717,-616C717,-612,716,-609,716,-605C715,-599,715,-594,714,-588C713,-584,712,-579,712,-574C712,-570,713,-565,712,-561C712,-558,711,-556,712,-552C714,-544,719,-537,722,-530C727,-519,721,-509,720,-498C719,-492,718,-485,720,-479C721,-482,722,-483,728,-483C733,-483,738,-483,743,-485C750,-487,753,-494,757,-500C764,-508,771,-501,779,-501C788,-500,795,-503,802,-508C805,-510,809,-513,812,-516C810,-518,809,-521,808,-524z', '2020-05-03 02:20:16', '2020-05-03 02:20:16'),
(9, 'Polsek Bandung Wetan', 2, 'M567,-548C561,-550,554,-552,549,-554C542,-557,534,-561,527,-564C515,-571,507,-580,501,-592C499,-595,485,-624,479,-635C475,-642,472,-647,463,-649C454,-651,447,-646,440,-642C434,-638,426,-635,421,-631C415,-626,413,-618,412,-610C411,-603,410,-595,404,-590C408,-583,407,-577,402,-570C395,-560,395,-554,402,-543C403,-542,405,-540,407,-538C414,-555,419,-573,433,-584C437,-587,444,-591,450,-588C456,-585,454,-579,454,-573C452,-564,449,-551,455,-542C461,-535,472,-534,480,-531C491,-528,502,-525,514,-525C526,-525,538,-524,550,-525C554,-526,559,-527,563,-527C562,-530,562,-533,563,-537C564,-541,565,-545,567,-548z', '2020-05-03 02:20:16', '2020-05-03 02:20:16'),
(10, 'Polsek Batununggal', 2, 'M455,-771C453,-778,449,-777,443,-778C441,-779,437,-780,435,-781C434,-783,433,-786,432,-788C429,-793,423,-789,420,-794C417,-798,417,-803,419,-807C431,-813,423,-827,416,-834C414,-836,412,-837,410,-839C409,-834,409,-829,409,-823C409,-812,408,-800,403,-790C399,-784,394,-777,387,-774C381,-771,373,-772,367,-767C361,-762,367,-748,359,-744C354,-741,347,-753,342,-746C339,-742,343,-734,345,-731C347,-725,346,-721,347,-715C349,-703,350,-694,345,-683C345,-683,345,-683,344,-683C343,-680,342,-677,343,-675C343,-672,346,-670,346,-667C346,-667,346,-667,346,-667C350,-667,355,-668,360,-669C376,-673,371,-659,370,-648C370,-636,371,-626,378,-617C382,-611,386,-608,391,-604C390,-605,390,-605,389,-606C394,-612,397,-618,399,-626C404,-643,413,-666,425,-679C431,-686,440,-687,449,-688C447,-690,445,-690,442,-690C437,-690,431,-689,425,-690C420,-690,416,-695,417,-700C418,-703,420,-705,419,-709C419,-712,417,-714,416,-716C412,-729,428,-731,435,-736C443,-741,450,-752,453,-761C455,-762,454,-766,456,-767C456,-767,456,-767,456,-767C456,-769,456,-770,455,-771z', '2020-05-03 02:20:16', '2020-05-03 02:20:16'),
(11, 'Polsek Bojongloa Kaler', 2, 'M455,-771C453,-778,449,-777,443,-778C441,-779,437,-780,435,-781C434,-783,433,-786,432,-788C429,-793,423,-789,420,-794C417,-798,417,-803,419,-807C431,-813,423,-827,416,-834C414,-836,412,-837,410,-839C409,-834,409,-829,409,-823C409,-812,408,-800,403,-790C399,-784,394,-777,387,-774C381,-771,373,-772,367,-767C361,-762,367,-748,359,-744C354,-741,347,-753,342,-746C339,-742,343,-734,345,-731C347,-725,346,-721,347,-715C349,-703,350,-694,345,-683C345,-683,345,-683,344,-683C343,-680,342,-677,343,-675C343,-672,346,-670,346,-667C346,-667,346,-667,346,-667C350,-667,355,-668,360,-669C376,-673,371,-659,370,-648C370,-636,371,-626,378,-617C382,-611,386,-608,391,-604C390,-605,390,-605,389,-606C394,-612,397,-618,399,-626C404,-643,413,-666,425,-679C431,-686,440,-687,449,-688C447,-690,445,-690,442,-690C437,-690,431,-689,425,-690C420,-690,416,-695,417,-700C418,-703,420,-705,419,-709C419,-712,417,-714,416,-716C412,-729,428,-731,435,-736C443,-741,450,-752,453,-761C455,-762,454,-766,456,-767C456,-767,456,-767,456,-767C456,-769,456,-770,455,-771z', '2020-05-03 02:20:16', '2020-05-03 02:20:16'),
(12, 'Polsek Bojongloa Kidul', 2, 'M576,-556C570,-566,559,-574,552,-581C547,-587,542,-594,537,-600C526,-614,521,-630,517,-647C516,-652,514,-657,512,-662C508,-672,495,-697,481,-688C480,-688,480,-688,479,-688C479,-687,479,-687,479,-687C478,-687,478,-687,477,-687C475,-680,464,-686,459,-690C458,-690,456,-690,455,-689C444,-687,433,-688,425,-679C413,-666,404,-643,399,-626C397,-618,394,-612,389,-606C393,-603,396,-600,399,-597C401,-594,403,-592,404,-590C410,-595,411,-603,412,-610C413,-618,415,-626,421,-631C426,-635,434,-638,440,-642C447,-646,454,-651,463,-649C472,-647,475,-642,479,-635C485,-624,499,-595,501,-592C507,-580,515,-571,527,-564C534,-561,542,-557,549,-554C554,-552,561,-550,567,-548C570,-551,573,-554,576,-556z', '2020-05-03 02:20:16', '2020-05-03 02:20:16'),
(13, 'Polsek Buahbatu', 2, 'M635,-672C619,-673,604,-670,590,-675C584,-677,578,-679,571,-680C564,-680,555,-678,549,-681C549,-681,548,-681,548,-682C543,-683,540,-689,535,-691C531,-693,526,-693,521,-696C511,-703,516,-713,523,-720C527,-725,544,-742,530,-741C521,-741,513,-730,506,-727C501,-725,496,-723,491,-723C483,-722,484,-725,479,-730C467,-743,464,-726,464,-715C464,-710,466,-703,465,-698C465,-693,463,-691,459,-690C464,-686,475,-680,477,-687C478,-687,478,-687,479,-687C479,-687,479,-687,479,-688C480,-688,480,-688,481,-688C495,-697,508,-672,512,-662C514,-657,516,-652,517,-647C521,-630,526,-614,537,-600C542,-594,547,-587,552,-581C559,-574,570,-566,576,-556C576,-556,576,-556,576,-556C587,-563,602,-567,612,-572C624,-579,623,-595,627,-606C629,-612,634,-615,636,-621C640,-627,643,-640,643,-647C643,-658,640,-664,635,-672z', '2020-05-03 02:20:16', '2020-05-03 02:20:16'),
(14, 'Polsek Cibeunying Kaler', 2, 'M647,-604C654,-608,661,-606,670,-605C672,-605,675,-605,678,-606C685,-614,689,-621,688,-632C688,-641,681,-648,680,-657C679,-667,686,-679,697,-680C703,-681,708,-681,714,-682C719,-683,727,-682,731,-684C729,-685,725,-685,723,-686C720,-687,718,-688,715,-689C710,-691,702,-696,698,-699C695,-703,691,-708,688,-713C685,-719,686,-728,682,-733C679,-738,674,-740,670,-742C665,-745,661,-749,661,-755C661,-755,661,-755,661,-755C656,-754,650,-752,645,-750C640,-748,634,-745,629,-742C629,-740,630,-739,630,-738C633,-730,634,-723,633,-714C631,-706,629,-698,630,-688C631,-687,631,-686,631,-684C631,-683,631,-682,632,-681C632,-680,632,-679,633,-678C633,-676,635,-674,635,-672C640,-664,643,-658,643,-647C643,-640,640,-627,636,-621C634,-615,629,-612,627,-606C625,-600,624,-593,622,-587C624,-588,626,-589,629,-591C635,-595,640,-600,647,-604z', '2020-05-03 02:20:16', '2020-05-03 02:20:16'),
(15, 'Polsek Cibeunying Kidul', 2, 'M764,-696C762,-692,760,-688,756,-685C754,-684,752,-682,750,-682C747,-681,746,-683,743,-684C739,-686,734,-685,729,-685C730,-685,730,-684,731,-684C727,-682,719,-683,714,-682C708,-681,703,-681,697,-680C686,-679,679,-667,680,-657C681,-648,688,-641,688,-632C689,-621,685,-614,678,-606L678,-606C677,-606,693,-607,700,-609C706,-611,717,-616,717,-616C722,-618,728,-619,732,-622C738,-626,736,-637,745,-639C749,-640,755,-640,758,-640C759,-640,759,-640,759,-640C759,-642,758,-644,758,-646C756,-651,753,-655,753,-661C752,-665,752,-675,757,-676C762,-679,765,-670,768,-668C771,-666,775,-666,777,-670C778,-673,776,-677,774,-680C771,-685,768,-691,764,-696z', '2020-05-03 02:20:16', '2020-05-03 02:20:16'),
(16, 'Polsek Cicendo', 2, 'M848,-605C846,-609,844,-613,841,-617C834,-624,832,-632,827,-640C825,-644,821,-650,818,-653C816,-655,813,-657,810,-658C807,-659,804,-659,801,-660C800,-664,804,-670,804,-675C805,-681,804,-687,804,-692C802,-704,802,-716,800,-728C800,-728,800,-729,800,-729C795,-732,793,-736,786,-734C781,-733,776,-729,771,-728C771,-728,770,-728,770,-728C771,-725,772,-723,772,-720C772,-715,771,-712,770,-708C768,-704,766,-701,764,-698C763,-696,763,-695,763,-694C763,-695,764,-695,764,-696C768,-691,771,-685,774,-680C776,-677,778,-673,777,-670C775,-666,771,-666,768,-668C765,-670,762,-679,757,-676C752,-675,752,-665,753,-661C753,-655,756,-651,758,-646C758,-644,759,-642,759,-640L759,-640C763,-640,766,-637,769,-635C775,-631,783,-627,784,-618C785,-613,783,-610,782,-606C780,-600,783,-600,786,-597C790,-591,785,-587,784,-581C783,-575,786,-568,788,-563C790,-559,792,-556,793,-552C795,-549,798,-546,799,-543C799,-543,799,-543,799,-543C800,-540,802,-537,804,-534C805,-531,807,-527,808,-524C809,-521,810,-518,812,-516C815,-518,817,-521,820,-524C822,-527,825,-530,826,-534C828,-543,825,-555,824,-564C822,-573,823,-584,829,-591C832,-595,835,-596,840,-596C845,-597,845,-597,849,-601C849,-602,849,-602,849,-602C849,-603,849,-604,848,-605z', '2020-05-03 02:20:16', '2020-05-03 02:20:16'),
(17, 'Polsek Cidadap', 2, '', '2020-05-03 02:20:16', '2020-05-03 02:20:16'),
(18, 'Polsek Cinambo', 2, 'M1000,-661C999,-666,998,-672,998,-678C997,-681,999,-687,996,-690C992,-694,983,-686,978,-693C968,-707,973,-729,970,-745C969,-749,968,-753,966,-757C965,-759,963,-761,962,-762C961,-762,961,-762,961,-762C949,-763,938,-764,931,-753C926,-744,923,-733,915,-726C907,-720,894,-721,889,-713C882,-703,884,-692,881,-682C880,-678,875,-676,872,-674C877,-667,882,-661,885,-653C885,-652,886,-651,886,-650C886,-650,886,-650,886,-650C894,-653,903,-655,912,-657C917,-659,922,-660,927,-661C936,-662,946,-663,955,-662C970,-662,985,-660,1000,-661z', '2020-05-03 02:20:16', '2020-05-03 02:20:16'),
(19, 'Polsek Coblong', 2, 'M872,-674C875,-676,880,-678,881,-682C884,-692,882,-703,889,-713C894,-721,907,-720,915,-726C923,-733,926,-744,931,-753C938,-764,949,-763,961,-762C961,-762,961,-762,962,-762C961,-763,960,-764,959,-765C950,-779,968,-785,975,-794C980,-803,986,-813,986,-824C979,-821,972,-820,965,-817C958,-814,951,-811,944,-807C928,-799,912,-791,894,-791C878,-791,862,-792,847,-794C847,-794,847,-794,847,-794C847,-794,847,-793,846,-792C842,-783,834,-781,825,-779C821,-778,803,-774,810,-766C812,-763,817,-763,821,-762C823,-762,829,-760,830,-757C830,-755,833,-753,833,-751C833,-750,833,-748,832,-747C832,-747,832,-747,832,-747C833,-747,834,-747,835,-747C840,-745,855,-734,859,-723C861,-717,862,-713,862,-707C862,-701,861,-694,862,-689C863,-684,867,-680,870,-676C871,-675,873,-673,874,-671C873,-672,872,-673,872,-674z', '2020-05-03 02:20:16', '2020-05-03 02:20:16'),
(20, 'Polsek Gedebage', 2, 'M499,-750C492,-752,481,-749,473,-751C466,-753,464,-757,464,-763C463,-763,463,-763,462,-764C460,-765,458,-768,456,-767C454,-766,455,-762,453,-761C450,-753,443,-741,435,-736C428,-731,412,-729,416,-716C417,-714,419,-712,419,-709C420,-705,418,-703,417,-700C416,-695,420,-690,425,-690C431,-689,437,-690,442,-690C445,-690,447,-690,449,-688C451,-689,453,-689,455,-689C456,-690,458,-690,459,-690C463,-691,465,-693,465,-698C466,-703,464,-710,464,-715C464,-726,467,-743,479,-730C484,-725,483,-722,491,-723C496,-723,501,-725,506,-727C506,-727,507,-728,508,-728C508,-729,508,-729,508,-729C507,-735,505,-747,499,-750z', '2020-05-03 02:20:16', '2020-05-03 02:20:16'),
(21, 'Polsek Kiaracondong', 2, 'M549,-681C555,-678,564,-680,571,-680C578,-679,584,-677,590,-675C604,-670,619,-673,635,-672C635,-674,633,-676,633,-678C632,-679,632,-680,632,-681C631,-682,631,-683,631,-684C631,-686,631,-687,630,-688C629,-698,631,-706,633,-714C634,-723,633,-730,630,-738C630,-739,629,-740,629,-742C630,-742,630,-742,631,-743C626,-739,620,-736,616,-733C611,-730,607,-726,603,-723C598,-721,591,-720,586,-721C574,-724,570,-734,564,-743C563,-744,562,-746,562,-748C562,-748,562,-748,562,-748C559,-746,556,-747,553,-749C548,-754,544,-764,536,-766C532,-767,527,-765,523,-766C519,-767,517,-770,513,-770C510,-767,506,-767,504,-762C502,-758,503,-755,502,-750C502,-750,501,-749,501,-748C501,-748,501,-748,501,-748C506,-745,507,-734,508,-729C508,-729,508,-729,508,-728C515,-732,522,-741,530,-741C544,-742,527,-725,523,-720C516,-713,511,-703,521,-696C526,-693,531,-693,535,-691C540,-689,543,-683,548,-682C548,-681,549,-681,549,-681z', '2020-05-03 02:20:17', '2020-05-03 02:20:17'),
(22, 'Polsek Lengkong', 2, 'M750,-682C752,-682,754,-684,756,-685C759,-687,762,-690,763,-694C763,-695,763,-696,764,-698C766,-701,768,-704,770,-708C771,-712,772,-715,772,-720C772,-723,771,-725,770,-728C764,-727,758,-728,753,-728C739,-728,734,-739,731,-741C727,-743,724,-742,720,-742C716,-743,713,-745,709,-744C706,-744,702,-741,698,-742C696,-745,693,-746,690,-747C686,-748,683,-751,681,-754C679,-758,677,-762,674,-765C673,-765,673,-765,673,-765C668,-765,662,-762,662,-757C661,-756,661,-755,661,-755C661,-755,661,-755,661,-755C661,-749,665,-745,670,-742C674,-740,679,-738,682,-733C686,-728,685,-719,688,-713C691,-708,695,-703,698,-699C702,-696,710,-691,715,-689C718,-688,720,-687,723,-686C725,-686,727,-685,729,-685C734,-685,739,-686,743,-684C746,-683,747,-681,750,-682z', '2020-05-03 02:20:17', '2020-05-03 02:20:17'),
(23, 'Polsek Panyileukan', 2, '', '2020-05-03 02:20:17', '2020-05-03 02:20:17'),
(24, 'Polsek Rancasari', 2, 'M566,-786C557,-789,545,-799,536,-797C531,-796,526,-791,522,-789C518,-787,511,-786,506,-787C496,-788,489,-792,482,-798C482,-798,482,-798,482,-798C483,-797,484,-796,485,-795C479,-786,469,-780,465,-769C464,-767,464,-765,464,-763C464,-763,464,-763,464,-763C464,-757,466,-753,473,-751C481,-749,492,-752,499,-750C500,-749,501,-749,501,-748C501,-749,502,-750,502,-750C503,-755,502,-758,504,-762C506,-767,510,-767,513,-770C517,-770,519,-767,523,-766C527,-765,532,-767,536,-766C544,-764,548,-754,553,-749C557,-747,562,-745,563,-750C564,-754,563,-758,564,-763C564,-767,567,-770,570,-773C571,-774,572,-776,574,-778C575,-780,577,-781,578,-782C574,-783,570,-784,566,-786z', '2020-05-03 02:20:17', '2020-05-03 02:20:17'),
(25, 'Polsek Regol', 2, 'M662,-757C662,-762,668,-765,673,-765C674,-767,674,-771,673,-774C671,-776,667,-777,665,-779C663,-781,662,-783,662,-785C658,-783,653,-782,649,-781C634,-778,617,-780,602,-781C594,-781,586,-781,578,-782C578,-782,578,-782,578,-782C577,-781,575,-780,574,-778C572,-776,571,-774,570,-773C567,-770,564,-767,564,-763C563,-758,564,-754,563,-750C563,-749,562,-748,562,-748C562,-746,563,-744,564,-743C570,-734,574,-724,586,-721C591,-720,598,-721,603,-723C607,-726,611,-730,616,-733C625,-739,634,-746,645,-750C650,-752,656,-754,661,-755C661,-755,661,-756,662,-757z', '2020-05-03 02:20:17', '2020-05-03 02:20:17'),
(26, 'Polsek Sukajadi', 2, 'M654,-907C664,-912,676,-915,683,-923C694,-938,688,-955,679,-969C679,-969,679,-969,680,-968C680,-968,678,-968,678,-968C675,-974,666,-970,661,-974C657,-978,656,-995,648,-994C642,-993,640,-986,637,-982C627,-971,616,-983,605,-979C595,-975,595,-960,591,-952C584,-939,576,-945,563,-942C556,-941,556,-938,561,-933C565,-928,568,-929,569,-921C571,-905,575,-905,590,-904C592,-899,591,-890,598,-889C605,-889,607,-899,610,-899C619,-900,617,-893,625,-890C628,-889,637,-891,641,-892C641,-892,641,-892,641,-892C643,-899,648,-904,654,-907z', '2020-05-03 02:20:17', '2020-05-03 02:20:17'),
(27, 'Polsek Sukasari', 2, 'M746,-835C745,-844,751,-853,752,-861C754,-873,754,-886,752,-897C752,-902,750,-906,745,-912C740,-918,734,-922,729,-929C725,-935,723,-942,722,-949C722,-957,722,-965,725,-972C727,-978,733,-983,734,-989C734,-989,716,-989,714,-987C711,-985,711,-981,708,-978C705,-976,701,-975,697,-975C697,-975,681,-971,679,-969C688,-955,694,-938,683,-923C676,-915,664,-912,654,-907C648,-904,643,-899,641,-892C641,-892,641,-892,641,-892C642,-892,643,-892,643,-892C648,-888,643,-879,646,-873C650,-868,658,-868,661,-873C665,-878,659,-887,662,-893C667,-896,672,-893,677,-891C679,-882,669,-875,684,-875C692,-874,700,-882,708,-881C712,-880,713,-878,713,-876L713,-876C713,-873,711,-870,707,-868C698,-862,692,-862,693,-850C693,-841,698,-829,690,-822C685,-818,681,-820,680,-812C679,-807,685,-802,682,-797C675,-796,672,-790,667,-788C665,-787,663,-786,662,-785C662,-783,663,-781,665,-779C667,-777,671,-776,673,-774C673,-773,673,-772,673,-771C679,-773,684,-775,689,-777C692,-779,697,-780,701,-780C706,-780,711,-778,714,-783C714,-783,714,-783,715,-783C720,-791,731,-795,739,-801C747,-807,754,-813,758,-822C753,-825,747,-828,746,-835z', '2020-05-03 02:20:17', '2020-05-03 02:20:17'),
(28, 'Polsek Sumur Bandung', 2, 'M886,-650C886,-651,885,-652,885,-653C882,-662,876,-669,870,-676C867,-680,863,-684,862,-689C861,-694,862,-701,862,-707C862,-713,861,-717,859,-723C855,-734,840,-745,835,-747C830,-748,824,-746,819,-745C812,-742,813,-739,812,-733C811,-729,812,-728,808,-727C806,-727,802,-728,800,-729C800,-729,800,-729,800,-729C800,-729,800,-728,800,-728C802,-716,802,-704,804,-692C804,-687,805,-681,804,-675C804,-670,800,-664,801,-660C804,-659,807,-659,810,-658C813,-657,816,-655,818,-653C821,-650,825,-644,827,-640C832,-632,834,-624,841,-617C844,-613,846,-609,848,-605C849,-604,849,-603,849,-602C853,-606,862,-607,864,-613C866,-621,862,-629,866,-638C870,-644,879,-647,886,-650C886,-650,886,-650,886,-650z', '2020-05-03 02:20:17', '2020-05-03 02:20:17'),
(29, 'Polsek Ujungberung', 2, 'M823,-799C802,-803,782,-812,762,-818C761,-820,759,-821,758,-822C754,-813,747,-807,739,-801C731,-795,720,-791,715,-783C714,-783,714,-783,714,-783C711,-778,706,-780,701,-780C697,-780,692,-779,689,-777C684,-775,679,-773,673,-771C674,-769,674,-767,673,-765C673,-765,673,-765,674,-765C677,-762,679,-758,681,-754C683,-751,686,-748,690,-747C693,-746,696,-745,698,-742C702,-741,706,-744,709,-744C713,-745,716,-743,720,-742C724,-742,727,-743,731,-741C734,-739,739,-728,753,-728C758,-728,764,-727,770,-728C770,-728,771,-728,771,-728C776,-729,781,-733,786,-734C793,-736,795,-732,800,-729C800,-729,800,-729,800,-729C802,-728,806,-727,808,-727C812,-728,811,-729,812,-733C813,-739,812,-742,819,-745C823,-746,828,-748,832,-747C833,-748,833,-750,833,-751C833,-753,830,-755,830,-757C829,-760,823,-762,821,-762C817,-763,812,-763,810,-766C803,-774,821,-778,825,-779C834,-781,842,-783,846,-792C847,-793,847,-794,847,-794C839,-796,831,-797,823,-799z', '2020-05-03 02:20:17', '2020-05-03 02:20:17');

-- --------------------------------------------------------

--
-- Struktur dari tabel `password_resets`
--

DROP TABLE IF EXISTS `password_resets`;
CREATE TABLE `password_resets` (
  `email` varchar(191) COLLATE utf8mb4_unicode_ci NOT NULL,
  `token` varchar(191) COLLATE utf8mb4_unicode_ci NOT NULL,
  `created_at` timestamp NULL DEFAULT NULL
) ENGINE=InnoDB DEFAULT CHARSET=utf8mb4 COLLATE=utf8mb4_unicode_ci;

-- --------------------------------------------------------

--
-- Struktur dari tabel `roles`
--

DROP TABLE IF EXISTS `roles`;
CREATE TABLE `roles` (
  `id` bigint(20) UNSIGNED NOT NULL,
  `name` varchar(64) COLLATE utf8mb4_unicode_ci NOT NULL,
  `level` int(11) NOT NULL
) ENGINE=InnoDB DEFAULT CHARSET=utf8mb4 COLLATE=utf8mb4_unicode_ci;

--
-- Dumping data untuk tabel `roles`
--

INSERT INTO `roles` (`id`, `name`, `level`) VALUES
(1, 'Administartor', 1),
(2, 'Polres', 2),
(3, 'Polsek', 3),
(4, 'Kapolres', 4),
(5, 'Kapolsek', 5);

-- --------------------------------------------------------

--
-- Struktur dari tabel `t_lp`
--

DROP TABLE IF EXISTS `t_lp`;
CREATE TABLE `t_lp` (
  `id` int(11) NOT NULL,
  `id_user` bigint(20) UNSIGNED NOT NULL,
  `nomor` varchar(64) NOT NULL,
  `tanggal` date NOT NULL,
  `pidana` text,
  `status` enum('1','2','3','0') DEFAULT '0',
  `created_at` datetime DEFAULT NULL,
  `updated_at` datetime DEFAULT NULL
) ENGINE=InnoDB DEFAULT CHARSET=latin1;

--
-- Dumping data untuk tabel `t_lp`
--

INSERT INTO `t_lp` (`id`, `id_user`, `nomor`, `tanggal`, `pidana`, `status`, `created_at`, `updated_at`) VALUES
(1, 24, 'NOMOR/LP/1', '2019-05-21', 'Pidana 1', '2', '2020-05-21 10:29:00', NULL),
(2, 3, 'NOMOR/LP/2', '2019-05-22', 'Pidana 2', '1', '2020-05-21 10:29:00', '2020-11-21 04:26:14'),
(3, 20, 'NOMOR/LP/3', '2019-05-23', 'Pidana 3', '1', '2020-05-21 10:29:00', NULL),
(4, 6, 'NOMOR/LP/4', '2019-05-24', 'Pidana 4', '3', '2020-05-21 10:29:00', NULL),
(5, 24, 'NOMOR/LP/5', '2019-05-25', 'Pidana 5', '2', '2020-05-21 10:29:00', NULL),
(6, 14, 'NOMOR/LP/6', '2019-05-26', 'Pidana 6', '3', '2020-05-21 10:29:00', NULL),
(7, 5, 'NOMOR/LP/7', '2019-05-27', 'Pidana 7', '2', '2020-05-21 10:29:00', NULL),
(8, 22, 'NOMOR/LP/8', '2019-05-28', 'Pidana 8', '2', '2020-05-21 10:29:00', NULL),
(9, 7, 'NOMOR/LP/9', '2019-05-29', 'Pidana 9', '2', '2020-05-21 10:29:00', NULL),
(10, 4, 'NOMOR/LP/10', '2019-05-30', 'Pidana 10', '1', '2020-05-21 10:29:00', NULL),
(11, 2, 'NOMOR/LP/11', '2019-05-31', 'Pidana 11', '1', '2020-05-21 10:29:00', '2020-06-27 09:23:06'),
(12, 16, 'NOMOR/LP/12', '2019-06-01', 'Pidana 12', '2', '2020-05-21 10:29:00', NULL),
(13, 30, 'NOMOR/LP/13', '2019-06-02', 'Pidana 13', '1', '2020-05-21 10:29:00', NULL),
(14, 10, 'NOMOR/LP/14', '2019-06-03', 'Pidana 14', '2', '2020-05-21 10:29:00', NULL),
(15, 19, 'NOMOR/LP/15', '2019-06-04', 'Pidana 15', '2', '2020-05-21 10:29:00', NULL),
(16, 21, 'NOMOR/LP/16', '2019-06-05', 'Pidana 16', '3', '2020-05-21 10:29:00', NULL),
(17, 8, 'NOMOR/LP/17', '2019-06-06', 'Pidana 17', '2', '2020-05-21 10:29:00', NULL),
(18, 21, 'NOMOR/LP/18', '2019-06-07', 'Pidana 18', '1', '2020-05-21 10:29:00', NULL),
(19, 16, 'NOMOR/LP/19', '2019-06-08', 'Pidana 19', '3', '2020-05-21 10:29:00', NULL),
(20, 12, 'NOMOR/LP/20', '2019-06-09', 'Pidana 20', '2', '2020-05-21 10:29:00', NULL),
(21, 17, 'NOMOR/LP/21', '2019-06-10', 'Pidana 21', '2', '2020-05-21 10:29:00', NULL),
(22, 27, 'NOMOR/LP/22', '2019-06-11', 'Pidana 22', '2', '2020-05-21 10:29:00', NULL),
(23, 12, 'NOMOR/LP/23', '2019-06-12', 'Pidana 23', '3', '2020-05-21 10:29:00', NULL),
(24, 4, 'NOMOR/LP/24', '2019-06-13', 'Pidana 24', '2', '2020-05-21 10:29:00', NULL),
(25, 11, 'NOMOR/LP/25', '2019-06-14', 'Pidana 25', '2', '2020-05-21 10:29:00', NULL),
(26, 23, 'NOMOR/LP/26', '2019-06-15', 'Pidana 26', '1', '2020-05-21 10:29:00', NULL),
(27, 11, 'NOMOR/LP/27', '2019-06-16', 'Pidana 27', '2', '2020-05-21 10:29:00', NULL),
(28, 24, 'NOMOR/LP/28', '2019-06-17', 'Pidana 28', '1', '2020-05-21 10:29:00', NULL),
(29, 5, 'NOMOR/LP/29', '2019-06-18', 'Pidana 29', '3', '2020-05-21 10:29:00', NULL),
(30, 11, 'NOMOR/LP/30', '2019-06-19', 'Pidana 30', '3', '2020-05-21 10:29:00', NULL),
(31, 29, 'NOMOR/LP/31', '2019-06-20', 'Pidana 31', '1', '2020-05-21 10:29:00', NULL),
(32, 5, 'NOMOR/LP/32', '2019-06-21', 'Pidana 32', '2', '2020-05-21 10:29:00', NULL),
(33, 9, 'NOMOR/LP/33', '2019-06-22', 'Pidana 33', '2', '2020-05-21 10:29:00', NULL),
(34, 10, 'NOMOR/LP/34', '2019-06-23', 'Pidana 34', '2', '2020-05-21 10:29:00', NULL),
(35, 12, 'NOMOR/LP/35', '2019-06-24', 'Pidana 35', '2', '2020-05-21 10:29:00', NULL),
(36, 15, 'NOMOR/LP/36', '2019-06-25', 'Pidana 36', '3', '2020-05-21 10:29:00', NULL),
(37, 27, 'NOMOR/LP/37', '2019-06-26', 'Pidana 37', '2', '2020-05-21 10:29:00', NULL),
(38, 7, 'NOMOR/LP/38', '2019-06-27', 'Pidana 38', '1', '2020-05-21 10:29:00', NULL),
(39, 25, 'NOMOR/LP/39', '2019-06-28', 'Pidana 39', '1', '2020-05-21 10:29:00', NULL),
(40, 10, 'NOMOR/LP/40', '2019-06-29', 'Pidana 40', '1', '2020-05-21 10:29:00', NULL),
(41, 9, 'NOMOR/LP/41', '2019-06-30', 'Pidana 41', '2', '2020-05-21 10:29:00', NULL),
(42, 24, 'NOMOR/LP/42', '2019-07-01', 'Pidana 42', '2', '2020-05-21 10:29:00', NULL),
(43, 14, 'NOMOR/LP/43', '2019-07-02', 'Pidana 43', '2', '2020-05-21 10:29:00', NULL),
(44, 12, 'NOMOR/LP/44', '2019-07-03', 'Pidana 44', '3', '2020-05-21 10:29:00', NULL),
(45, 28, 'NOMOR/LP/45', '2019-07-04', 'Pidana 45', '3', '2020-05-21 10:29:00', NULL),
(46, 10, 'NOMOR/LP/46', '2019-07-05', 'Pidana 46', '1', '2020-05-21 10:29:00', NULL),
(47, 2, 'NOMOR/LP/47', '2019-07-06', 'Pidana 47', '2', '2020-05-21 10:29:00', '2020-06-27 05:01:21'),
(48, 16, 'NOMOR/LP/48', '2019-07-07', 'Pidana 48', '1', '2020-05-21 10:29:00', NULL),
(49, 17, 'NOMOR/LP/49', '2019-07-08', 'Pidana 49', '2', '2020-05-21 10:29:00', NULL),
(50, 20, 'NOMOR/LP/50', '2019-07-09', 'Pidana 50', '3', '2020-05-21 10:29:00', NULL),
(51, 8, 'NOMOR/LP/51', '2019-07-10', 'Pidana 51', '2', '2020-05-21 10:29:00', NULL),
(52, 14, 'NOMOR/LP/52', '2019-07-11', 'Pidana 52', '1', '2020-05-21 10:29:00', NULL),
(53, 6, 'NOMOR/LP/53', '2019-07-12', 'Pidana 53', '1', '2020-05-21 10:29:00', NULL),
(54, 2, 'NOMOR/LP/54', '2019-07-13', 'Pidana 54', '3', '2020-05-21 10:29:00', NULL),
(55, 29, 'NOMOR/LP/55', '2019-07-14', 'Pidana 55', '3', '2020-05-21 10:29:00', NULL),
(56, 25, 'NOMOR/LP/56', '2019-07-15', 'Pidana 56', '2', '2020-05-21 10:29:00', NULL),
(57, 14, 'NOMOR/LP/57', '2019-07-16', 'Pidana 57', '2', '2020-05-21 10:29:00', NULL),
(58, 18, 'NOMOR/LP/58', '2019-07-17', 'Pidana 58', '2', '2020-05-21 10:29:00', NULL),
(59, 4, 'NOMOR/LP/59', '2019-07-18', 'Pidana 59', '3', '2020-05-21 10:29:00', NULL),
(60, 27, 'NOMOR/LP/60', '2019-07-19', 'Pidana 60', '2', '2020-05-21 10:29:00', NULL),
(61, 17, 'NOMOR/LP/61', '2019-07-20', 'Pidana 61', '3', '2020-05-21 10:29:00', NULL),
(62, 11, 'NOMOR/LP/62', '2019-07-21', 'Pidana 62', '2', '2020-05-21 10:29:00', NULL),
(63, 14, 'NOMOR/LP/63', '2019-07-22', 'Pidana 63', '2', '2020-05-21 10:29:00', NULL),
(64, 14, 'NOMOR/LP/64', '2019-07-23', 'Pidana 64', '1', '2020-05-21 10:29:00', NULL),
(65, 25, 'NOMOR/LP/65', '2019-07-24', 'Pidana 65', '3', '2020-05-21 10:29:00', NULL),
(66, 8, 'NOMOR/LP/66', '2019-07-25', 'Pidana 66', '2', '2020-05-21 10:29:00', NULL),
(67, 5, 'NOMOR/LP/67', '2019-07-26', 'Pidana 67', '1', '2020-05-21 10:29:00', NULL),
(68, 26, 'NOMOR/LP/68', '2019-07-27', 'Pidana 68', '3', '2020-05-21 10:29:00', NULL),
(69, 19, 'NOMOR/LP/69', '2019-07-28', 'Pidana 69', '1', '2020-05-21 10:29:00', NULL),
(70, 26, 'NOMOR/LP/70', '2019-07-29', 'Pidana 70', '3', '2020-05-21 10:29:00', NULL),
(71, 8, 'NOMOR/LP/71', '2019-07-30', 'Pidana 71', '1', '2020-05-21 10:29:00', NULL),
(72, 3, 'NOMOR/LP/72', '2019-07-31', 'Pidana 72', '3', '2020-05-21 10:29:00', NULL),
(73, 23, 'NOMOR/LP/73', '2019-08-01', 'Pidana 73', '3', '2020-05-21 10:29:00', NULL),
(74, 7, 'NOMOR/LP/74', '2019-08-02', 'Pidana 74', '1', '2020-05-21 10:29:00', NULL),
(75, 6, 'NOMOR/LP/75', '2019-08-03', 'Pidana 75', '1', '2020-05-21 10:29:00', NULL),
(76, 28, 'NOMOR/LP/76', '2019-08-04', 'Pidana 76', '3', '2020-05-21 10:29:00', NULL),
(77, 3, 'NOMOR/LP/77', '2019-08-05', 'Pidana 77', '3', '2020-05-21 10:29:00', NULL),
(78, 29, 'NOMOR/LP/78', '2019-08-06', 'Pidana 78', '2', '2020-05-21 10:29:00', NULL),
(79, 10, 'NOMOR/LP/79', '2019-08-07', 'Pidana 79', '2', '2020-05-21 10:29:00', NULL),
(80, 26, 'NOMOR/LP/80', '2019-08-08', 'Pidana 80', '3', '2020-05-21 10:29:00', NULL),
(81, 16, 'NOMOR/LP/81', '2019-08-09', 'Pidana 81', '1', '2020-05-21 10:29:00', NULL),
(82, 11, 'NOMOR/LP/82', '2019-08-10', 'Pidana 82', '3', '2020-05-21 10:29:00', NULL),
(83, 26, 'NOMOR/LP/83', '2019-08-11', 'Pidana 83', '2', '2020-05-21 10:29:00', NULL),
(84, 2, 'NOMOR/LP/84', '2019-08-12', 'Pidana 84', '3', '2020-05-21 10:29:00', NULL),
(85, 24, 'NOMOR/LP/85', '2019-08-13', 'Pidana 85', '2', '2020-05-21 10:29:00', NULL),
(86, 30, 'NOMOR/LP/86', '2019-08-14', 'Pidana 86', '2', '2020-05-21 10:29:00', NULL),
(87, 22, 'NOMOR/LP/87', '2019-08-15', 'Pidana 87', '3', '2020-05-21 10:29:00', NULL),
(88, 21, 'NOMOR/LP/88', '2019-08-16', 'Pidana 88', '3', '2020-05-21 10:29:00', NULL),
(89, 28, 'NOMOR/LP/89', '2019-08-17', 'Pidana 89', '1', '2020-05-21 10:29:00', NULL),
(90, 17, 'NOMOR/LP/90', '2019-08-18', 'Pidana 90', '3', '2020-05-21 10:29:00', NULL),
(91, 13, 'NOMOR/LP/91', '2019-08-19', 'Pidana 91', '2', '2020-05-21 10:29:00', '2020-07-05 02:41:39'),
(92, 2, 'NOMOR/LP/92', '2019-08-20', 'Pidana 92', '1', '2020-05-21 10:29:00', NULL),
(93, 30, 'NOMOR/LP/93', '2019-08-21', 'Pidana 93', '3', '2020-05-21 10:29:00', NULL),
(94, 13, 'NOMOR/LP/94', '2019-08-22', 'Pidana 94', '1', '2020-05-21 10:29:00', NULL),
(95, 6, 'NOMOR/LP/95', '2019-08-23', 'Pidana 95', '2', '2020-05-21 10:29:00', NULL),
(96, 22, 'NOMOR/LP/96', '2019-08-24', 'Pidana 96', '3', '2020-05-21 10:29:00', NULL),
(97, 12, 'NOMOR/LP/97', '2019-08-25', 'Pidana 97', '1', '2020-05-21 10:29:00', NULL),
(98, 20, 'NOMOR/LP/98', '2019-08-26', 'Pidana 98', '1', '2020-05-21 10:29:00', NULL),
(99, 11, 'NOMOR/LP/99', '2019-08-27', 'Pidana 99', '1', '2020-05-21 10:29:00', NULL),
(100, 5, 'NOMOR/LP/100', '2019-08-28', 'Pidana 100', '3', '2020-05-21 10:29:00', NULL),
(101, 20, 'NOMOR/LP/101', '2019-08-29', 'Pidana 101', '2', '2020-05-21 10:29:00', NULL),
(102, 19, 'NOMOR/LP/102', '2019-08-30', 'Pidana 102', '3', '2020-05-21 10:29:00', NULL),
(103, 7, 'NOMOR/LP/103', '2019-08-31', 'Pidana 103', '1', '2020-05-21 10:29:00', NULL),
(104, 11, 'NOMOR/LP/104', '2019-09-01', 'Pidana 104', '1', '2020-05-21 10:29:00', NULL),
(105, 26, 'NOMOR/LP/105', '2019-09-02', 'Pidana 105', '3', '2020-05-21 10:29:00', NULL),
(106, 23, 'NOMOR/LP/106', '2019-09-03', 'Pidana 106', '1', '2020-05-21 10:29:00', NULL),
(107, 7, 'NOMOR/LP/107', '2019-09-04', 'Pidana 107', '1', '2020-05-21 10:29:00', NULL),
(108, 30, 'NOMOR/LP/108', '2019-09-05', 'Pidana 108', '2', '2020-05-21 10:29:00', NULL),
(109, 12, 'NOMOR/LP/109', '2019-09-06', 'Pidana 109', '2', '2020-05-21 10:29:00', NULL),
(110, 8, 'NOMOR/LP/110', '2019-09-07', 'Pidana 110', '2', '2020-05-21 10:29:00', NULL),
(111, 3, 'NOMOR/LP/111', '2019-09-08', 'Pidana 111', '3', '2020-05-21 10:29:00', NULL),
(112, 4, 'NOMOR/LP/112', '2019-09-09', 'Pidana 112', '2', '2020-05-21 10:29:00', NULL),
(113, 15, 'NOMOR/LP/113', '2019-09-10', 'Pidana 113', '2', '2020-05-21 10:29:00', NULL),
(114, 6, 'NOMOR/LP/114', '2019-09-11', 'Pidana 114', '3', '2020-05-21 10:29:00', NULL),
(115, 23, 'NOMOR/LP/115', '2019-09-12', 'Pidana 115', '3', '2020-05-21 10:29:00', NULL),
(116, 16, 'NOMOR/LP/116', '2019-09-13', 'Pidana 116', '3', '2020-05-21 10:29:00', NULL),
(117, 20, 'NOMOR/LP/117', '2019-09-14', 'Pidana 117', '1', '2020-05-21 10:29:00', NULL),
(118, 22, 'NOMOR/LP/118', '2019-09-15', 'Pidana 118', '1', '2020-05-21 10:29:00', NULL),
(119, 29, 'NOMOR/LP/119', '2019-09-16', 'Pidana 119', '2', '2020-05-21 10:29:00', NULL),
(120, 10, 'NOMOR/LP/120', '2019-09-17', 'Pidana 120', '1', '2020-05-21 10:29:00', NULL),
(121, 11, 'NOMOR/LP/121', '2019-09-18', 'Pidana 121', '3', '2020-05-21 10:29:00', NULL),
(122, 21, 'NOMOR/LP/122', '2019-09-19', 'Pidana 122', '1', '2020-05-21 10:29:00', NULL),
(123, 21, 'NOMOR/LP/123', '2019-09-20', 'Pidana 123', '3', '2020-05-21 10:29:00', NULL),
(124, 13, 'NOMOR/LP/124', '2019-09-21', 'Pidana 124', '1', '2020-05-21 10:29:00', NULL),
(125, 20, 'NOMOR/LP/125', '2019-09-22', 'Pidana 125', '3', '2020-05-21 10:29:00', NULL),
(126, 9, 'NOMOR/LP/126', '2019-09-23', 'Pidana 126', '2', '2020-05-21 10:29:00', NULL),
(127, 10, 'NOMOR/LP/127', '2019-09-24', 'Pidana 127', '3', '2020-05-21 10:29:00', NULL),
(128, 21, 'NOMOR/LP/128', '2019-09-25', 'Pidana 128', '2', '2020-05-21 10:29:00', NULL),
(129, 15, 'NOMOR/LP/129', '2019-09-26', 'Pidana 129', '1', '2020-05-21 10:29:00', NULL),
(130, 26, 'NOMOR/LP/130', '2019-09-27', 'Pidana 130', '3', '2020-05-21 10:29:00', NULL),
(131, 7, 'NOMOR/LP/131', '2019-09-28', 'Pidana 131', '2', '2020-05-21 10:29:00', NULL),
(132, 24, 'NOMOR/LP/132', '2019-09-29', 'Pidana 132', '3', '2020-05-21 10:29:00', NULL),
(133, 8, 'NOMOR/LP/133', '2019-09-30', 'Pidana 133', '1', '2020-05-21 10:29:00', NULL),
(134, 13, 'NOMOR/LP/134', '2019-10-01', 'Pidana 134', '2', '2020-05-21 10:29:00', NULL),
(135, 10, 'NOMOR/LP/135', '2019-10-02', 'Pidana 135', '2', '2020-05-21 10:29:00', NULL),
(136, 6, 'NOMOR/LP/136', '2019-10-03', 'Pidana 136', '3', '2020-05-21 10:29:00', NULL),
(137, 21, 'NOMOR/LP/137', '2019-10-04', 'Pidana 137', '2', '2020-05-21 10:29:00', NULL),
(138, 5, 'NOMOR/LP/138', '2019-10-05', 'Pidana 138', '3', '2020-05-21 10:29:00', NULL),
(139, 14, 'NOMOR/LP/139', '2019-10-06', 'Pidana 139', '1', '2020-05-21 10:29:00', NULL),
(140, 30, 'NOMOR/LP/140', '2019-10-07', 'Pidana 140', '2', '2020-05-21 10:29:00', NULL),
(141, 7, 'NOMOR/LP/141', '2019-10-08', 'Pidana 141', '1', '2020-05-21 10:29:00', NULL),
(142, 29, 'NOMOR/LP/142', '2019-10-09', 'Pidana 142', '1', '2020-05-21 10:29:00', NULL),
(143, 20, 'NOMOR/LP/143', '2019-10-10', 'Pidana 143', '2', '2020-05-21 10:29:00', NULL),
(144, 12, 'NOMOR/LP/144', '2019-10-11', 'Pidana 144', '3', '2020-05-21 10:29:00', NULL),
(145, 26, 'NOMOR/LP/145', '2019-10-12', 'Pidana 145', '2', '2020-05-21 10:29:00', NULL),
(146, 26, 'NOMOR/LP/146', '2019-10-13', 'Pidana 146', '3', '2020-05-21 10:29:00', NULL),
(147, 10, 'NOMOR/LP/147', '2019-10-14', 'Pidana 147', '1', '2020-05-21 10:29:00', NULL),
(148, 17, 'NOMOR/LP/148', '2019-10-15', 'Pidana 148', '3', '2020-05-21 10:29:00', NULL),
(149, 12, 'NOMOR/LP/149', '2019-10-16', 'Pidana 149', '1', '2020-05-21 10:29:00', NULL),
(150, 15, 'NOMOR/LP/150', '2019-10-17', 'Pidana 150', '1', '2020-05-21 10:29:00', NULL),
(151, 24, 'NOMOR/LP/151', '2019-10-18', 'Pidana 151', '3', '2020-05-21 10:29:00', NULL),
(152, 3, 'NOMOR/LP/152', '2019-10-19', 'Pidana 152', '1', '2020-05-21 10:29:00', NULL),
(153, 28, 'NOMOR/LP/153', '2019-10-20', 'Pidana 153', '2', '2020-05-21 10:29:00', NULL),
(154, 12, 'NOMOR/LP/154', '2019-10-21', 'Pidana 154', '2', '2020-05-21 10:29:00', NULL),
(155, 19, 'NOMOR/LP/155', '2019-10-22', 'Pidana 155', '1', '2020-05-21 10:29:00', NULL),
(156, 22, 'NOMOR/LP/156', '2019-10-23', 'Pidana 156', '2', '2020-05-21 10:29:00', NULL),
(157, 5, 'NOMOR/LP/157', '2019-10-24', 'Pidana 157', '3', '2020-05-21 10:29:00', NULL),
(158, 13, 'NOMOR/LP/158', '2019-10-25', 'Pidana 158', '2', '2020-05-21 10:29:00', NULL),
(159, 19, 'NOMOR/LP/159', '2019-10-26', 'Pidana 159', '3', '2020-05-21 10:29:00', NULL),
(160, 25, 'NOMOR/LP/160', '2019-10-27', 'Pidana 160', '1', '2020-05-21 10:29:00', NULL),
(161, 13, 'NOMOR/LP/161', '2019-10-28', 'Pidana 161', '2', '2020-05-21 10:29:00', NULL),
(162, 10, 'NOMOR/LP/162', '2019-10-29', 'Pidana 162', '1', '2020-05-21 10:29:00', NULL),
(163, 28, 'NOMOR/LP/163', '2019-10-30', 'Pidana 163', '3', '2020-05-21 10:29:00', NULL),
(164, 21, 'NOMOR/LP/164', '2019-10-31', 'Pidana 164', '1', '2020-05-21 10:29:00', NULL),
(165, 2, 'NOMOR/LP/165', '2019-11-01', 'Pidana 165', '2', '2020-05-21 10:29:00', NULL),
(166, 15, 'NOMOR/LP/166', '2019-11-02', 'Pidana 166', '2', '2020-05-21 10:29:00', NULL),
(167, 3, 'NOMOR/LP/167', '2019-11-03', 'Pidana 167', '2', '2020-05-21 10:29:00', NULL),
(168, 21, 'NOMOR/LP/168', '2019-11-04', 'Pidana 168', '2', '2020-05-21 10:29:00', NULL),
(169, 3, 'NOMOR/LP/169', '2019-11-05', 'Pidana 169', '1', '2020-05-21 10:29:00', NULL),
(170, 6, 'NOMOR/LP/170', '2019-11-06', 'Pidana 170', '1', '2020-05-21 10:29:00', NULL),
(171, 7, 'NOMOR/LP/171', '2019-11-07', 'Pidana 171', '2', '2020-05-21 10:29:00', NULL),
(172, 12, 'NOMOR/LP/172', '2019-11-08', 'Pidana 172', '2', '2020-05-21 10:29:00', NULL),
(173, 29, 'NOMOR/LP/173', '2019-11-09', 'Pidana 173', '3', '2020-05-21 10:29:00', NULL),
(174, 7, 'NOMOR/LP/174', '2019-11-10', 'Pidana 174', '3', '2020-05-21 10:29:00', NULL),
(175, 25, 'NOMOR/LP/175', '2019-11-11', 'Pidana 175', '3', '2020-05-21 10:29:00', NULL),
(176, 3, 'NOMOR/LP/176', '2019-11-12', 'Pidana 176', '2', '2020-05-21 10:29:00', NULL),
(177, 26, 'NOMOR/LP/177', '2019-11-13', 'Pidana 177', '2', '2020-05-21 10:29:00', NULL),
(178, 8, 'NOMOR/LP/178', '2019-11-14', 'Pidana 178', '2', '2020-05-21 10:29:00', NULL),
(179, 11, 'NOMOR/LP/179', '2019-11-15', 'Pidana 179', '2', '2020-05-21 10:29:00', NULL),
(180, 20, 'NOMOR/LP/180', '2019-11-16', 'Pidana 180', '3', '2020-05-21 10:29:00', NULL),
(181, 17, 'NOMOR/LP/181', '2019-11-17', 'Pidana 181', '1', '2020-05-21 10:29:00', NULL),
(182, 24, 'NOMOR/LP/182', '2019-11-18', 'Pidana 182', '1', '2020-05-21 10:29:00', NULL),
(183, 12, 'NOMOR/LP/183', '2019-11-19', 'Pidana 183', '1', '2020-05-21 10:29:00', NULL),
(184, 28, 'NOMOR/LP/184', '2019-11-20', 'Pidana 184', '3', '2020-05-21 10:29:00', NULL),
(185, 12, 'NOMOR/LP/185', '2019-11-21', 'Pidana 185', '3', '2020-05-21 10:29:00', NULL),
(186, 10, 'NOMOR/LP/186', '2019-11-22', 'Pidana 186', '1', '2020-05-21 10:29:00', NULL),
(187, 18, 'NOMOR/LP/187', '2019-11-23', 'Pidana 187', '3', '2020-05-21 10:29:00', NULL),
(188, 2, 'NOMOR/LP/188', '2019-11-24', 'Pidana 188', '2', '2020-05-21 10:29:00', NULL),
(189, 10, 'NOMOR/LP/189', '2019-11-25', 'Pidana 189', '3', '2020-05-21 10:29:00', NULL),
(190, 10, 'NOMOR/LP/190', '2019-11-26', 'Pidana 190', '2', '2020-05-21 10:29:00', NULL),
(191, 23, 'NOMOR/LP/191', '2019-11-27', 'Pidana 191', '2', '2020-05-21 10:29:00', NULL),
(192, 27, 'NOMOR/LP/192', '2019-11-28', 'Pidana 192', '2', '2020-05-21 10:29:00', NULL),
(193, 7, 'NOMOR/LP/193', '2019-11-29', 'Pidana 193', '1', '2020-05-21 10:29:00', NULL),
(194, 5, 'NOMOR/LP/194', '2019-11-30', 'Pidana 194', '2', '2020-05-21 10:29:00', NULL),
(195, 5, 'NOMOR/LP/195', '2019-12-01', 'Pidana 195', '1', '2020-05-21 10:29:00', NULL),
(196, 13, 'NOMOR/LP/196', '2019-12-02', 'Pidana 196', '2', '2020-05-21 10:29:00', NULL),
(197, 30, 'NOMOR/LP/197', '2019-12-03', 'Pidana 197', '1', '2020-05-21 10:29:00', NULL),
(198, 27, 'NOMOR/LP/198', '2019-12-04', 'Pidana 198', '3', '2020-05-21 10:29:00', NULL),
(199, 25, 'NOMOR/LP/199', '2019-12-05', 'Pidana 199', '2', '2020-05-21 10:29:00', NULL),
(200, 24, 'NOMOR/LP/200', '2019-12-06', 'Pidana 200', '2', '2020-05-21 10:29:00', NULL),
(201, 12, 'NOMOR/LP/201', '2019-12-07', 'Pidana 201', '3', '2020-05-21 10:29:00', NULL),
(202, 27, 'NOMOR/LP/202', '2019-12-08', 'Pidana 202', '3', '2020-05-21 10:29:00', NULL),
(203, 20, 'NOMOR/LP/203', '2019-12-09', 'Pidana 203', '3', '2020-05-21 10:29:00', NULL),
(204, 24, 'NOMOR/LP/204', '2019-12-10', 'Pidana 204', '1', '2020-05-21 10:29:00', NULL),
(205, 5, 'NOMOR/LP/205', '2019-12-11', 'Pidana 205', '1', '2020-05-21 10:29:00', NULL),
(206, 10, 'NOMOR/LP/206', '2019-12-12', 'Pidana 206', '2', '2020-05-21 10:29:00', NULL),
(207, 5, 'NOMOR/LP/207', '2019-12-13', 'Pidana 207', '3', '2020-05-21 10:29:00', NULL),
(208, 4, 'NOMOR/LP/208', '2019-12-14', 'Pidana 208', '1', '2020-05-21 10:29:00', NULL),
(209, 3, 'NOMOR/LP/209', '2019-12-15', 'Pidana 209', '2', '2020-05-21 10:29:00', NULL),
(210, 29, 'NOMOR/LP/210', '2019-12-16', 'Pidana 210', '1', '2020-05-21 10:29:00', NULL),
(211, 4, 'NOMOR/LP/211', '2019-12-17', 'Pidana 211', '1', '2020-05-21 10:29:00', NULL),
(212, 20, 'NOMOR/LP/212', '2019-12-18', 'Pidana 212', '1', '2020-05-21 10:29:00', NULL),
(213, 3, 'NOMOR/LP/213', '2019-12-19', 'Pidana 213', '2', '2020-05-21 10:29:00', NULL),
(214, 29, 'NOMOR/LP/214', '2019-12-20', 'Pidana 214', '2', '2020-05-21 10:29:00', NULL),
(215, 21, 'NOMOR/LP/215', '2019-12-21', 'Pidana 215', '3', '2020-05-21 10:29:00', NULL),
(216, 4, 'NOMOR/LP/216', '2019-12-22', 'Pidana 216', '2', '2020-05-21 10:29:00', NULL),
(217, 14, 'NOMOR/LP/217', '2019-12-23', 'Pidana 217', '2', '2020-05-21 10:29:00', NULL),
(218, 5, 'NOMOR/LP/218', '2019-12-24', 'Pidana 218', '1', '2020-05-21 10:29:00', NULL),
(219, 17, 'NOMOR/LP/219', '2019-12-25', 'Pidana 219', '3', '2020-05-21 10:29:00', NULL),
(220, 7, 'NOMOR/LP/220', '2019-12-26', 'Pidana 220', '3', '2020-05-21 10:29:00', NULL),
(221, 20, 'NOMOR/LP/221', '2019-12-27', 'Pidana 221', '1', '2020-05-21 10:29:00', NULL),
(222, 24, 'NOMOR/LP/222', '2019-12-28', 'Pidana 222', '1', '2020-05-21 10:29:00', NULL),
(223, 19, 'NOMOR/LP/223', '2019-12-29', 'Pidana 223', '3', '2020-05-21 10:29:00', NULL),
(224, 22, 'NOMOR/LP/224', '2019-12-30', 'Pidana 224', '3', '2020-05-21 10:29:00', NULL),
(225, 24, 'NOMOR/LP/225', '2019-12-31', 'Pidana 225', '3', '2020-05-21 10:29:00', NULL),
(226, 23, 'NOMOR/LP/226', '2020-01-01', 'Pidana 226', '1', '2020-05-21 10:29:00', NULL),
(227, 4, 'NOMOR/LP/227', '2020-01-02', 'Pidana 227', '2', '2020-05-21 10:29:00', NULL),
(228, 7, 'NOMOR/LP/228', '2020-01-03', 'Pidana 228', '1', '2020-05-21 10:29:00', NULL),
(229, 16, 'NOMOR/LP/229', '2020-01-04', 'Pidana 229', '1', '2020-05-21 10:29:00', NULL),
(230, 6, 'NOMOR/LP/230', '2020-01-05', 'Pidana 230', '2', '2020-05-21 10:29:00', NULL),
(231, 5, 'NOMOR/LP/231', '2020-01-06', 'Pidana 231', '2', '2020-05-21 10:29:00', NULL),
(232, 7, 'NOMOR/LP/232', '2020-01-07', 'Pidana 232', '3', '2020-05-21 10:29:00', NULL),
(233, 9, 'NOMOR/LP/233', '2020-01-08', 'Pidana 233', '1', '2020-05-21 10:29:00', NULL),
(234, 27, 'NOMOR/LP/234', '2020-01-09', 'Pidana 234', '1', '2020-05-21 10:29:00', NULL),
(235, 13, 'NOMOR/LP/235', '2020-01-10', 'Pidana 235', '3', '2020-05-21 10:29:00', NULL),
(236, 11, 'NOMOR/LP/236', '2020-01-11', 'Pidana 236', '3', '2020-05-21 10:29:00', NULL),
(237, 15, 'NOMOR/LP/237', '2020-01-12', 'Pidana 237', '3', '2020-05-21 10:29:00', NULL),
(238, 6, 'NOMOR/LP/238', '2020-01-13', 'Pidana 238', '1', '2020-05-21 10:29:00', NULL),
(239, 15, 'NOMOR/LP/239', '2020-01-14', 'Pidana 239', '2', '2020-05-21 10:29:00', NULL),
(240, 9, 'NOMOR/LP/240', '2020-01-15', 'Pidana 240', '3', '2020-05-21 10:29:00', NULL),
(241, 16, 'NOMOR/LP/241', '2020-01-16', 'Pidana 241', '1', '2020-05-21 10:29:00', NULL),
(242, 8, 'NOMOR/LP/242', '2020-01-17', 'Pidana 242', '1', '2020-05-21 10:29:00', NULL),
(243, 8, 'NOMOR/LP/243', '2020-01-18', 'Pidana 243', '2', '2020-05-21 10:29:00', NULL),
(244, 18, 'NOMOR/LP/244', '2020-01-19', 'Pidana 244', '3', '2020-05-21 10:29:00', NULL),
(245, 20, 'NOMOR/LP/245', '2020-01-20', 'Pidana 245', '1', '2020-05-21 10:29:00', NULL),
(246, 5, 'NOMOR/LP/246', '2020-01-21', 'Pidana 246', '2', '2020-05-21 10:29:00', NULL),
(247, 21, 'NOMOR/LP/247', '2020-01-22', 'Pidana 247', '3', '2020-05-21 10:29:00', NULL),
(248, 4, 'NOMOR/LP/248', '2020-01-23', 'Pidana 248', '3', '2020-05-21 10:29:00', NULL),
(249, 7, 'NOMOR/LP/249', '2020-01-24', 'Pidana 249', '2', '2020-05-21 10:29:00', NULL),
(250, 11, 'NOMOR/LP/250', '2020-01-25', 'Pidana 250', '3', '2020-05-21 10:29:00', NULL),
(251, 13, 'NOMOR/LP/251', '2020-01-26', 'Pidana 251', '1', '2020-05-21 10:29:00', NULL),
(252, 4, 'NOMOR/LP/252', '2020-01-27', 'Pidana 252', '2', '2020-05-21 10:29:00', NULL),
(253, 20, 'NOMOR/LP/253', '2020-01-28', 'Pidana 253', '3', '2020-05-21 10:29:00', NULL),
(254, 24, 'NOMOR/LP/254', '2020-01-29', 'Pidana 254', '2', '2020-05-21 10:29:00', NULL),
(255, 13, 'NOMOR/LP/255', '2020-01-30', 'Pidana 255', '2', '2020-05-21 10:29:00', NULL),
(256, 28, 'NOMOR/LP/256', '2020-01-31', 'Pidana 256', '1', '2020-05-21 10:29:00', NULL),
(257, 22, 'NOMOR/LP/257', '2020-02-01', 'Pidana 257', '3', '2020-05-21 10:29:00', NULL),
(258, 3, 'NOMOR/LP/258', '2020-02-02', 'Pidana 258', '1', '2020-05-21 10:29:00', NULL),
(259, 22, 'NOMOR/LP/259', '2020-02-03', 'Pidana 259', '2', '2020-05-21 10:29:00', NULL),
(260, 10, 'NOMOR/LP/260', '2020-02-04', 'Pidana 260', '2', '2020-05-21 10:29:00', NULL),
(261, 22, 'NOMOR/LP/261', '2020-02-05', 'Pidana 261', '3', '2020-05-21 10:29:00', NULL),
(262, 12, 'NOMOR/LP/262', '2020-02-06', 'Pidana 262', '2', '2020-05-21 10:29:00', NULL),
(263, 4, 'NOMOR/LP/263', '2020-02-07', 'Pidana 263', '1', '2020-05-21 10:29:00', NULL),
(264, 25, 'NOMOR/LP/264', '2020-02-08', 'Pidana 264', '2', '2020-05-21 10:29:00', NULL),
(265, 13, 'NOMOR/LP/265', '2020-02-09', 'Pidana 265', '1', '2020-05-21 10:29:00', NULL),
(266, 8, 'NOMOR/LP/266', '2020-02-10', 'Pidana 266', '1', '2020-05-21 10:29:00', NULL),
(267, 9, 'NOMOR/LP/267', '2020-02-11', 'Pidana 267', '1', '2020-05-21 10:29:00', NULL),
(268, 17, 'NOMOR/LP/268', '2020-02-12', 'Pidana 268', '2', '2020-05-21 10:29:00', NULL),
(269, 21, 'NOMOR/LP/269', '2020-02-13', 'Pidana 269', '2', '2020-05-21 10:29:00', NULL),
(270, 19, 'NOMOR/LP/270', '2020-02-14', 'Pidana 270', '1', '2020-05-21 10:29:00', NULL),
(271, 6, 'NOMOR/LP/271', '2020-02-15', 'Pidana 271', '3', '2020-05-21 10:29:00', NULL),
(272, 26, 'NOMOR/LP/272', '2020-02-16', 'Pidana 272', '3', '2020-05-21 10:29:00', NULL),
(273, 18, 'NOMOR/LP/273', '2020-02-17', 'Pidana 273', '3', '2020-05-21 10:29:00', NULL),
(274, 18, 'NOMOR/LP/274', '2020-02-18', 'Pidana 274', '3', '2020-05-21 10:29:00', NULL),
(275, 30, 'NOMOR/LP/275', '2020-02-19', 'Pidana 275', '1', '2020-05-21 10:29:00', NULL),
(276, 26, 'NOMOR/LP/276', '2020-02-20', 'Pidana 276', '3', '2020-05-21 10:29:00', NULL),
(277, 11, 'NOMOR/LP/277', '2020-02-21', 'Pidana 277', '2', '2020-05-21 10:29:00', NULL),
(278, 3, 'NOMOR/LP/278', '2020-02-22', 'Pidana 278', '2', '2020-05-21 10:29:00', NULL),
(279, 13, 'NOMOR/LP/279', '2020-02-23', 'Pidana 279', '3', '2020-05-21 10:29:00', NULL),
(280, 28, 'NOMOR/LP/280', '2020-02-24', 'Pidana 280', '3', '2020-05-21 10:29:00', NULL),
(281, 13, 'NOMOR/LP/281', '2020-02-25', 'Pidana 281', '1', '2020-05-21 10:29:00', NULL),
(282, 5, 'NOMOR/LP/282', '2020-02-26', 'Pidana 282', '2', '2020-05-21 10:29:00', NULL),
(283, 7, 'NOMOR/LP/283', '2020-02-27', 'Pidana 283', '2', '2020-05-21 10:29:00', NULL),
(284, 26, 'NOMOR/LP/284', '2020-02-28', 'Pidana 284', '2', '2020-05-21 10:29:00', NULL),
(285, 23, 'NOMOR/LP/285', '2020-02-29', 'Pidana 285', '1', '2020-05-21 10:29:00', NULL),
(286, 27, 'NOMOR/LP/286', '2020-03-01', 'Pidana 286', '3', '2020-05-21 10:29:00', NULL),
(287, 5, 'NOMOR/LP/287', '2020-03-02', 'Pidana 287', '3', '2020-05-21 10:29:00', NULL),
(288, 10, 'NOMOR/LP/288', '2020-03-03', 'Pidana 288', '2', '2020-05-21 10:29:00', NULL),
(289, 15, 'NOMOR/LP/289', '2020-03-04', 'Pidana 289', '1', '2020-05-21 10:29:00', NULL),
(290, 30, 'NOMOR/LP/290', '2020-03-05', 'Pidana 290', '1', '2020-05-21 10:29:00', NULL),
(291, 11, 'NOMOR/LP/291', '2020-03-06', 'Pidana 291', '3', '2020-05-21 10:29:00', NULL),
(292, 11, 'NOMOR/LP/292', '2020-03-07', 'Pidana 292', '2', '2020-05-21 10:29:00', NULL),
(293, 20, 'NOMOR/LP/293', '2020-03-08', 'Pidana 293', '2', '2020-05-21 10:29:00', NULL),
(294, 25, 'NOMOR/LP/294', '2020-03-09', 'Pidana 294', '3', '2020-05-21 10:29:00', NULL),
(295, 13, 'NOMOR/LP/295', '2020-03-10', 'Pidana 295', '1', '2020-05-21 10:29:00', NULL),
(296, 14, 'NOMOR/LP/296', '2020-03-11', 'Pidana 296', '2', '2020-05-21 10:29:00', NULL),
(297, 12, 'NOMOR/LP/297', '2020-03-12', 'Pidana 297', '1', '2020-05-21 10:29:00', NULL),
(298, 4, 'NOMOR/LP/298', '2020-03-13', 'Pidana 298', '2', '2020-05-21 10:29:00', NULL),
(299, 24, 'NOMOR/LP/299', '2020-03-14', 'Pidana 299', '3', '2020-05-21 10:29:00', NULL),
(300, 16, 'NOMOR/LP/300', '2020-03-15', 'Pidana 300', '1', '2020-05-21 10:29:00', NULL),
(301, 3, 'LP/32/8/2020/ANDIR', '2020-08-31', 'PENCURIAN', '0', '2020-08-31 12:42:36', '2020-08-31 12:42:36'),
(302, 3, 'LP/21/11/2020/ANDIR', '2020-11-21', 'PENCURIAN', '0', '2020-11-21 03:57:58', '2020-11-21 03:57:58'),
(303, 3, 'LP/32/20/2020/ANDIR', '2020-11-21', 'PENCURIAN', '1', '2020-11-21 04:05:08', '2020-11-21 04:08:27');

-- --------------------------------------------------------

--
-- Struktur dari tabel `t_lp_pelapor`
--

DROP TABLE IF EXISTS `t_lp_pelapor`;
CREATE TABLE `t_lp_pelapor` (
  `id` int(11) NOT NULL,
  `lp_id` int(11) NOT NULL,
  `nik` varchar(20) CHARACTER SET latin1 NOT NULL,
  `nama` varchar(64) CHARACTER SET latin1 NOT NULL,
  `tgl_lahir` date NOT NULL,
  `umur` int(11) DEFAULT NULL,
  `jk` enum('1','2') CHARACTER SET latin1 NOT NULL COMMENT '1 laki laki.2 perempuan',
  `alamat` text CHARACTER SET latin1 NOT NULL,
  `created_at` datetime NOT NULL,
  `updated_at` datetime NOT NULL
) ENGINE=InnoDB DEFAULT CHARSET=utf8mb4 COLLATE=utf8mb4_unicode_ci;

--
-- Dumping data untuk tabel `t_lp_pelapor`
--

INSERT INTO `t_lp_pelapor` (`id`, `lp_id`, `nik`, `nama`, `tgl_lahir`, `umur`, `jk`, `alamat`, `created_at`, `updated_at`) VALUES
(1, 1, '12345678', 'Pelapor 1', '1992-12-25', 27, '2', 'Alamat Pelapor 1', '2020-05-21 10:40:00', '0000-00-00 00:00:00'),
(2, 2, '12345679', 'Pelapor 2', '1998-10-28', 21, '2', 'Alamat Pelapor 2', '2020-05-21 10:40:00', '2020-06-14 03:57:52'),
(3, 3, '12345680', 'Pelapor 3', '1993-07-23', 26, '2', 'Alamat Pelapor 3', '2020-05-21 10:40:00', '0000-00-00 00:00:00'),
(4, 4, '12345681', 'Pelapor 4', '2000-11-10', 19, '2', 'Alamat Pelapor 4', '2020-05-21 10:40:00', '0000-00-00 00:00:00'),
(5, 5, '12345682', 'Pelapor 5', '1996-07-01', 23, '1', 'Alamat Pelapor 5', '2020-05-21 10:40:00', '0000-00-00 00:00:00'),
(6, 6, '12345683', 'Pelapor 6', '1995-03-01', 25, '1', 'Alamat Pelapor 6', '2020-05-21 10:40:00', '0000-00-00 00:00:00'),
(7, 7, '12345684', 'Pelapor 7', '2007-05-15', 13, '2', 'Alamat Pelapor 7', '2020-05-21 10:40:00', '0000-00-00 00:00:00'),
(8, 8, '12345685', 'Pelapor 8', '2001-06-02', 18, '2', 'Alamat Pelapor 8', '2020-05-21 10:40:00', '0000-00-00 00:00:00'),
(9, 9, '12345686', 'Pelapor 9', '1998-12-11', 21, '1', 'Alamat Pelapor 9', '2020-05-21 10:40:00', '0000-00-00 00:00:00'),
(10, 10, '12345687', 'Pelapor 10', '2003-12-21', 16, '1', 'Alamat Pelapor 10', '2020-05-21 10:40:00', '0000-00-00 00:00:00'),
(11, 11, '12345688', 'Pelapor 11', '2007-02-23', 13, '2', 'Alamat Pelapor 11', '2020-05-21 10:40:00', '2020-06-27 09:23:11'),
(12, 12, '12345689', 'Pelapor 12', '1992-06-13', 27, '2', 'Alamat Pelapor 12', '2020-05-21 10:40:00', '0000-00-00 00:00:00'),
(13, 13, '12345690', 'Pelapor 13', '2010-04-11', 10, '2', 'Alamat Pelapor 13', '2020-05-21 10:40:00', '0000-00-00 00:00:00'),
(14, 14, '12345691', 'Pelapor 14', '1993-05-29', 26, '1', 'Alamat Pelapor 14', '2020-05-21 10:40:00', '0000-00-00 00:00:00'),
(15, 15, '12345692', 'Pelapor 15', '1995-01-12', 25, '2', 'Alamat Pelapor 15', '2020-05-21 10:40:00', '0000-00-00 00:00:00'),
(16, 16, '12345693', 'Pelapor 16', '2002-01-28', 18, '2', 'Alamat Pelapor 16', '2020-05-21 10:40:00', '0000-00-00 00:00:00'),
(17, 17, '12345694', 'Pelapor 17', '1992-08-11', 27, '1', 'Alamat Pelapor 17', '2020-05-21 10:40:00', '0000-00-00 00:00:00'),
(18, 18, '12345695', 'Pelapor 18', '1997-11-22', 22, '2', 'Alamat Pelapor 18', '2020-05-21 10:40:00', '0000-00-00 00:00:00'),
(19, 19, '12345696', 'Pelapor 19', '2003-01-10', 17, '1', 'Alamat Pelapor 19', '2020-05-21 10:40:00', '0000-00-00 00:00:00'),
(20, 20, '12345697', 'Pelapor 20', '2009-06-20', 10, '1', 'Alamat Pelapor 20', '2020-05-21 10:40:00', '0000-00-00 00:00:00'),
(21, 21, '12345698', 'Pelapor 21', '1992-04-04', 28, '2', 'Alamat Pelapor 21', '2020-05-21 10:40:00', '0000-00-00 00:00:00'),
(22, 22, '12345699', 'Pelapor 22', '2006-08-31', 13, '2', 'Alamat Pelapor 22', '2020-05-21 10:40:00', '0000-00-00 00:00:00'),
(23, 23, '12345700', 'Pelapor 23', '2010-09-18', 9, '1', 'Alamat Pelapor 23', '2020-05-21 10:40:00', '0000-00-00 00:00:00'),
(24, 24, '12345701', 'Pelapor 24', '2008-10-08', 11, '2', 'Alamat Pelapor 24', '2020-05-21 10:40:00', '0000-00-00 00:00:00'),
(25, 25, '12345702', 'Pelapor 25', '2002-11-10', 17, '1', 'Alamat Pelapor 25', '2020-05-21 10:40:00', '0000-00-00 00:00:00'),
(26, 26, '12345703', 'Pelapor 26', '1996-06-23', 23, '1', 'Alamat Pelapor 26', '2020-05-21 10:40:00', '0000-00-00 00:00:00'),
(27, 27, '12345704', 'Pelapor 27', '1998-10-23', 21, '1', 'Alamat Pelapor 27', '2020-05-21 10:40:00', '0000-00-00 00:00:00'),
(28, 28, '12345705', 'Pelapor 28', '1993-05-29', 26, '2', 'Alamat Pelapor 28', '2020-05-21 10:40:00', '0000-00-00 00:00:00'),
(29, 29, '12345706', 'Pelapor 29', '2008-12-24', 11, '1', 'Alamat Pelapor 29', '2020-05-21 10:40:00', '0000-00-00 00:00:00'),
(30, 30, '12345707', 'Pelapor 30', '1994-08-13', 25, '2', 'Alamat Pelapor 30', '2020-05-21 10:40:00', '0000-00-00 00:00:00'),
(31, 31, '12345708', 'Pelapor 31', '2000-11-06', 19, '1', 'Alamat Pelapor 31', '2020-05-21 10:40:00', '0000-00-00 00:00:00'),
(32, 32, '12345709', 'Pelapor 32', '2003-03-06', 17, '1', 'Alamat Pelapor 32', '2020-05-21 10:40:00', '0000-00-00 00:00:00'),
(33, 33, '12345710', 'Pelapor 33', '1999-09-30', 20, '1', 'Alamat Pelapor 33', '2020-05-21 10:40:00', '0000-00-00 00:00:00'),
(34, 34, '12345711', 'Pelapor 34', '1995-04-19', 25, '1', 'Alamat Pelapor 34', '2020-05-21 10:40:00', '0000-00-00 00:00:00'),
(35, 35, '12345712', 'Pelapor 35', '2004-07-28', 15, '2', 'Alamat Pelapor 35', '2020-05-21 10:40:00', '0000-00-00 00:00:00'),
(36, 36, '12345713', 'Pelapor 36', '1995-10-23', 24, '1', 'Alamat Pelapor 36', '2020-05-21 10:40:00', '0000-00-00 00:00:00'),
(37, 37, '12345714', 'Pelapor 37', '2005-02-01', 15, '2', 'Alamat Pelapor 37', '2020-05-21 10:40:00', '0000-00-00 00:00:00'),
(38, 38, '12345715', 'Pelapor 38', '1996-09-08', 23, '2', 'Alamat Pelapor 38', '2020-05-21 10:40:00', '0000-00-00 00:00:00'),
(39, 39, '12345716', 'Pelapor 39', '2004-04-26', 16, '1', 'Alamat Pelapor 39', '2020-05-21 10:40:00', '0000-00-00 00:00:00'),
(40, 40, '12345717', 'Pelapor 40', '1996-01-24', 24, '1', 'Alamat Pelapor 40', '2020-05-21 10:40:00', '0000-00-00 00:00:00'),
(41, 41, '12345718', 'Pelapor 41', '1999-01-27', 21, '1', 'Alamat Pelapor 41', '2020-05-21 10:40:00', '0000-00-00 00:00:00'),
(42, 42, '12345719', 'Pelapor 42', '2007-02-27', 13, '2', 'Alamat Pelapor 42', '2020-05-21 10:40:00', '0000-00-00 00:00:00'),
(43, 43, '12345720', 'Pelapor 43', '2001-10-02', 18, '2', 'Alamat Pelapor 43', '2020-05-21 10:40:00', '0000-00-00 00:00:00'),
(44, 44, '12345721', 'Pelapor 44', '2010-06-04', 9, '2', 'Alamat Pelapor 44', '2020-05-21 10:40:00', '0000-00-00 00:00:00'),
(45, 45, '12345722', 'Pelapor 45', '2005-10-28', 14, '2', 'Alamat Pelapor 45', '2020-05-21 10:40:00', '0000-00-00 00:00:00'),
(46, 46, '12345723', 'Pelapor 46', '1996-02-20', 24, '2', 'Alamat Pelapor 46', '2020-05-21 10:40:00', '0000-00-00 00:00:00'),
(47, 47, '12345724', 'Pelapor 47', '1999-04-03', 21, '1', 'Alamat Pelapor 47', '2020-05-21 10:40:00', '2020-06-27 05:01:23'),
(48, 48, '12345725', 'Pelapor 48', '1993-12-19', 26, '2', 'Alamat Pelapor 48', '2020-05-21 10:40:00', '0000-00-00 00:00:00'),
(49, 49, '12345726', 'Pelapor 49', '1998-02-09', 22, '2', 'Alamat Pelapor 49', '2020-05-21 10:40:00', '0000-00-00 00:00:00'),
(50, 50, '12345727', 'Pelapor 50', '1993-03-23', 27, '1', 'Alamat Pelapor 50', '2020-05-21 10:40:00', '0000-00-00 00:00:00'),
(51, 51, '12345728', 'Pelapor 51', '1992-12-28', 27, '2', 'Alamat Pelapor 51', '2020-05-21 10:40:00', '0000-00-00 00:00:00'),
(52, 52, '12345729', 'Pelapor 52', '2006-06-18', 13, '2', 'Alamat Pelapor 52', '2020-05-21 10:40:00', '0000-00-00 00:00:00'),
(53, 53, '12345730', 'Pelapor 53', '1992-02-15', 28, '2', 'Alamat Pelapor 53', '2020-05-21 10:40:00', '0000-00-00 00:00:00'),
(54, 54, '12345731', 'Pelapor 54', '1998-11-27', 21, '1', 'Alamat Pelapor 54', '2020-05-21 10:40:00', '0000-00-00 00:00:00'),
(55, 55, '12345732', 'Pelapor 55', '2001-02-14', 19, '1', 'Alamat Pelapor 55', '2020-05-21 10:40:00', '0000-00-00 00:00:00'),
(56, 56, '12345733', 'Pelapor 56', '2010-10-20', 9, '1', 'Alamat Pelapor 56', '2020-05-21 10:40:00', '0000-00-00 00:00:00'),
(57, 57, '12345734', 'Pelapor 57', '2002-03-15', 18, '1', 'Alamat Pelapor 57', '2020-05-21 10:40:00', '0000-00-00 00:00:00'),
(58, 58, '12345735', 'Pelapor 58', '2004-10-20', 15, '1', 'Alamat Pelapor 58', '2020-05-21 10:40:00', '0000-00-00 00:00:00'),
(59, 59, '12345736', 'Pelapor 59', '1996-10-26', 23, '2', 'Alamat Pelapor 59', '2020-05-21 10:40:00', '0000-00-00 00:00:00'),
(60, 60, '12345737', 'Pelapor 60', '2001-08-23', 18, '1', 'Alamat Pelapor 60', '2020-05-21 10:40:00', '0000-00-00 00:00:00'),
(61, 61, '12345738', 'Pelapor 61', '2008-02-28', 12, '2', 'Alamat Pelapor 61', '2020-05-21 10:40:00', '0000-00-00 00:00:00'),
(62, 62, '12345739', 'Pelapor 62', '1993-08-13', 26, '2', 'Alamat Pelapor 62', '2020-05-21 10:40:00', '0000-00-00 00:00:00'),
(63, 63, '12345740', 'Pelapor 63', '1999-10-06', 20, '1', 'Alamat Pelapor 63', '2020-05-21 10:40:00', '0000-00-00 00:00:00'),
(64, 64, '12345741', 'Pelapor 64', '1993-01-21', 27, '1', 'Alamat Pelapor 64', '2020-05-21 10:40:00', '0000-00-00 00:00:00'),
(65, 65, '12345742', 'Pelapor 65', '2010-12-07', 9, '2', 'Alamat Pelapor 65', '2020-05-21 10:40:00', '0000-00-00 00:00:00'),
(66, 66, '12345743', 'Pelapor 66', '1997-07-11', 22, '2', 'Alamat Pelapor 66', '2020-05-21 10:40:00', '0000-00-00 00:00:00'),
(67, 67, '12345744', 'Pelapor 67', '2005-12-26', 14, '1', 'Alamat Pelapor 67', '2020-05-21 10:40:00', '0000-00-00 00:00:00'),
(68, 68, '12345745', 'Pelapor 68', '1993-08-29', 26, '1', 'Alamat Pelapor 68', '2020-05-21 10:40:00', '0000-00-00 00:00:00'),
(69, 69, '12345746', 'Pelapor 69', '1998-02-05', 22, '2', 'Alamat Pelapor 69', '2020-05-21 10:40:00', '0000-00-00 00:00:00'),
(70, 70, '12345747', 'Pelapor 70', '1991-10-26', 28, '1', 'Alamat Pelapor 70', '2020-05-21 10:40:00', '0000-00-00 00:00:00'),
(71, 71, '12345748', 'Pelapor 71', '2006-10-23', 13, '1', 'Alamat Pelapor 71', '2020-05-21 10:40:00', '0000-00-00 00:00:00'),
(72, 72, '12345749', 'Pelapor 72', '2000-06-06', 19, '1', 'Alamat Pelapor 72', '2020-05-21 10:40:00', '0000-00-00 00:00:00'),
(73, 73, '12345750', 'Pelapor 73', '2003-12-25', 16, '1', 'Alamat Pelapor 73', '2020-05-21 10:40:00', '0000-00-00 00:00:00'),
(74, 74, '12345751', 'Pelapor 74', '1994-11-04', 25, '2', 'Alamat Pelapor 74', '2020-05-21 10:40:00', '0000-00-00 00:00:00'),
(75, 75, '12345752', 'Pelapor 75', '1992-06-12', 27, '2', 'Alamat Pelapor 75', '2020-05-21 10:40:00', '0000-00-00 00:00:00'),
(76, 76, '12345753', 'Pelapor 76', '1999-04-18', 21, '2', 'Alamat Pelapor 76', '2020-05-21 10:40:00', '0000-00-00 00:00:00'),
(77, 77, '12345754', 'Pelapor 77', '1995-08-06', 24, '2', 'Alamat Pelapor 77', '2020-05-21 10:40:00', '0000-00-00 00:00:00'),
(78, 78, '12345755', 'Pelapor 78', '2001-02-18', 19, '1', 'Alamat Pelapor 78', '2020-05-21 10:40:00', '0000-00-00 00:00:00'),
(79, 79, '12345756', 'Pelapor 79', '2010-09-15', 9, '2', 'Alamat Pelapor 79', '2020-05-21 10:40:00', '0000-00-00 00:00:00'),
(80, 80, '12345757', 'Pelapor 80', '2004-03-18', 16, '1', 'Alamat Pelapor 80', '2020-05-21 10:40:00', '0000-00-00 00:00:00'),
(81, 81, '12345758', 'Pelapor 81', '1997-07-11', 22, '1', 'Alamat Pelapor 81', '2020-05-21 10:40:00', '0000-00-00 00:00:00'),
(82, 82, '12345759', 'Pelapor 82', '2002-10-09', 17, '1', 'Alamat Pelapor 82', '2020-05-21 10:40:00', '0000-00-00 00:00:00'),
(83, 83, '12345760', 'Pelapor 83', '2001-03-23', 19, '2', 'Alamat Pelapor 83', '2020-05-21 10:40:00', '0000-00-00 00:00:00'),
(84, 84, '12345761', 'Pelapor 84', '1997-12-17', 22, '1', 'Alamat Pelapor 84', '2020-05-21 10:40:00', '0000-00-00 00:00:00'),
(85, 85, '12345762', 'Pelapor 85', '2000-07-26', 19, '2', 'Alamat Pelapor 85', '2020-05-21 10:40:00', '0000-00-00 00:00:00'),
(86, 86, '12345763', 'Pelapor 86', '1991-03-12', 29, '2', 'Alamat Pelapor 86', '2020-05-21 10:40:00', '0000-00-00 00:00:00'),
(87, 87, '12345764', 'Pelapor 87', '1991-03-18', 29, '2', 'Alamat Pelapor 87', '2020-05-21 10:40:00', '0000-00-00 00:00:00'),
(88, 88, '12345765', 'Pelapor 88', '1995-06-11', 24, '1', 'Alamat Pelapor 88', '2020-05-21 10:40:00', '0000-00-00 00:00:00'),
(89, 89, '12345766', 'Pelapor 89', '1999-12-13', 20, '1', 'Alamat Pelapor 89', '2020-05-21 10:40:00', '0000-00-00 00:00:00'),
(90, 90, '12345767', 'Pelapor 90', '2001-10-01', 18, '1', 'Alamat Pelapor 90', '2020-05-21 10:40:00', '0000-00-00 00:00:00'),
(91, 91, '12345768', 'Pelapor 91', '1994-10-25', 25, '1', 'Alamat Pelapor 91', '2020-05-21 10:40:00', '2020-07-05 02:41:52'),
(92, 92, '12345769', 'Pelapor 92', '1997-10-24', 22, '2', 'Alamat Pelapor 92', '2020-05-21 10:40:00', '0000-00-00 00:00:00'),
(93, 93, '12345770', 'Pelapor 93', '2009-12-23', 10, '2', 'Alamat Pelapor 93', '2020-05-21 10:40:00', '0000-00-00 00:00:00'),
(94, 94, '12345771', 'Pelapor 94', '2008-12-14', 11, '1', 'Alamat Pelapor 94', '2020-05-21 10:40:00', '0000-00-00 00:00:00'),
(95, 95, '12345772', 'Pelapor 95', '2004-12-16', 15, '1', 'Alamat Pelapor 95', '2020-05-21 10:40:00', '0000-00-00 00:00:00'),
(96, 96, '12345773', 'Pelapor 96', '2008-12-02', 11, '1', 'Alamat Pelapor 96', '2020-05-21 10:40:00', '0000-00-00 00:00:00'),
(97, 97, '12345774', 'Pelapor 97', '2003-11-18', 16, '2', 'Alamat Pelapor 97', '2020-05-21 10:40:00', '0000-00-00 00:00:00'),
(98, 98, '12345775', 'Pelapor 98', '2003-11-16', 16, '2', 'Alamat Pelapor 98', '2020-05-21 10:40:00', '0000-00-00 00:00:00'),
(99, 99, '12345776', 'Pelapor 99', '2000-05-26', 20, '2', 'Alamat Pelapor 99', '2020-05-21 10:40:00', '0000-00-00 00:00:00'),
(100, 100, '12345777', 'Pelapor 100', '2008-06-13', 11, '1', 'Alamat Pelapor 100', '2020-05-21 10:40:00', '0000-00-00 00:00:00'),
(101, 101, '12345778', 'Pelapor 101', '2007-02-26', 13, '2', 'Alamat Pelapor 101', '2020-05-21 10:40:00', '0000-00-00 00:00:00'),
(102, 102, '12345779', 'Pelapor 102', '1998-08-04', 21, '1', 'Alamat Pelapor 102', '2020-05-21 10:40:00', '0000-00-00 00:00:00'),
(103, 103, '12345780', 'Pelapor 103', '2000-03-18', 20, '2', 'Alamat Pelapor 103', '2020-05-21 10:40:00', '0000-00-00 00:00:00'),
(104, 104, '12345781', 'Pelapor 104', '2005-02-09', 15, '1', 'Alamat Pelapor 104', '2020-05-21 10:40:00', '0000-00-00 00:00:00'),
(105, 105, '12345782', 'Pelapor 105', '2008-07-20', 11, '2', 'Alamat Pelapor 105', '2020-05-21 10:40:00', '0000-00-00 00:00:00'),
(106, 106, '12345783', 'Pelapor 106', '2002-10-19', 17, '1', 'Alamat Pelapor 106', '2020-05-21 10:40:00', '0000-00-00 00:00:00'),
(107, 107, '12345784', 'Pelapor 107', '1991-10-29', 28, '2', 'Alamat Pelapor 107', '2020-05-21 10:40:00', '0000-00-00 00:00:00'),
(108, 108, '12345785', 'Pelapor 108', '1995-07-04', 24, '2', 'Alamat Pelapor 108', '2020-05-21 10:40:00', '0000-00-00 00:00:00'),
(109, 109, '12345786', 'Pelapor 109', '1991-04-17', 29, '2', 'Alamat Pelapor 109', '2020-05-21 10:40:00', '0000-00-00 00:00:00'),
(110, 110, '12345787', 'Pelapor 110', '1999-02-06', 21, '2', 'Alamat Pelapor 110', '2020-05-21 10:40:00', '0000-00-00 00:00:00'),
(111, 111, '12345788', 'Pelapor 111', '2000-12-14', 19, '1', 'Alamat Pelapor 111', '2020-05-21 10:40:00', '0000-00-00 00:00:00'),
(112, 112, '12345789', 'Pelapor 112', '1995-08-26', 24, '1', 'Alamat Pelapor 112', '2020-05-21 10:40:00', '0000-00-00 00:00:00'),
(113, 113, '12345790', 'Pelapor 113', '1996-11-05', 23, '1', 'Alamat Pelapor 113', '2020-05-21 10:40:00', '0000-00-00 00:00:00'),
(114, 114, '12345791', 'Pelapor 114', '1991-12-26', 28, '1', 'Alamat Pelapor 114', '2020-05-21 10:40:00', '0000-00-00 00:00:00'),
(115, 115, '12345792', 'Pelapor 115', '1998-08-29', 21, '1', 'Alamat Pelapor 115', '2020-05-21 10:40:00', '0000-00-00 00:00:00'),
(116, 116, '12345793', 'Pelapor 116', '2004-02-16', 16, '2', 'Alamat Pelapor 116', '2020-05-21 10:40:00', '0000-00-00 00:00:00'),
(117, 117, '12345794', 'Pelapor 117', '2001-03-29', 19, '1', 'Alamat Pelapor 117', '2020-05-21 10:40:00', '0000-00-00 00:00:00'),
(118, 118, '12345795', 'Pelapor 118', '1991-09-08', 28, '1', 'Alamat Pelapor 118', '2020-05-21 10:40:00', '0000-00-00 00:00:00'),
(119, 119, '12345796', 'Pelapor 119', '2002-03-06', 18, '1', 'Alamat Pelapor 119', '2020-05-21 10:40:00', '0000-00-00 00:00:00'),
(120, 120, '12345797', 'Pelapor 120', '2010-12-19', 9, '2', 'Alamat Pelapor 120', '2020-05-21 10:40:00', '0000-00-00 00:00:00'),
(121, 121, '12345798', 'Pelapor 121', '1995-07-21', 24, '1', 'Alamat Pelapor 121', '2020-05-21 10:40:00', '0000-00-00 00:00:00'),
(122, 122, '12345799', 'Pelapor 122', '2010-08-25', 9, '1', 'Alamat Pelapor 122', '2020-05-21 10:40:00', '0000-00-00 00:00:00'),
(123, 123, '12345800', 'Pelapor 123', '1997-01-12', 23, '1', 'Alamat Pelapor 123', '2020-05-21 10:40:00', '0000-00-00 00:00:00'),
(124, 124, '12345801', 'Pelapor 124', '1995-04-14', 25, '1', 'Alamat Pelapor 124', '2020-05-21 10:40:00', '0000-00-00 00:00:00'),
(125, 125, '12345802', 'Pelapor 125', '1996-05-23', 24, '1', 'Alamat Pelapor 125', '2020-05-21 10:40:00', '0000-00-00 00:00:00'),
(126, 126, '12345803', 'Pelapor 126', '2005-05-04', 15, '2', 'Alamat Pelapor 126', '2020-05-21 10:40:00', '0000-00-00 00:00:00'),
(127, 127, '12345804', 'Pelapor 127', '1995-03-24', 25, '2', 'Alamat Pelapor 127', '2020-05-21 10:40:00', '0000-00-00 00:00:00'),
(128, 128, '12345805', 'Pelapor 128', '2007-12-21', 12, '1', 'Alamat Pelapor 128', '2020-05-21 10:40:00', '0000-00-00 00:00:00'),
(129, 129, '12345806', 'Pelapor 129', '2003-12-04', 16, '1', 'Alamat Pelapor 129', '2020-05-21 10:40:00', '0000-00-00 00:00:00'),
(130, 130, '12345807', 'Pelapor 130', '2005-07-14', 14, '2', 'Alamat Pelapor 130', '2020-05-21 10:40:00', '0000-00-00 00:00:00'),
(131, 131, '12345808', 'Pelapor 131', '2008-05-24', 12, '2', 'Alamat Pelapor 131', '2020-05-21 10:40:00', '0000-00-00 00:00:00'),
(132, 132, '12345809', 'Pelapor 132', '2003-07-11', 16, '2', 'Alamat Pelapor 132', '2020-05-21 10:40:00', '0000-00-00 00:00:00'),
(133, 133, '12345810', 'Pelapor 133', '2001-05-05', 19, '1', 'Alamat Pelapor 133', '2020-05-21 10:40:00', '0000-00-00 00:00:00'),
(134, 134, '12345811', 'Pelapor 134', '2010-10-07', 9, '1', 'Alamat Pelapor 134', '2020-05-21 10:40:00', '0000-00-00 00:00:00'),
(135, 135, '12345812', 'Pelapor 135', '2001-01-25', 19, '2', 'Alamat Pelapor 135', '2020-05-21 10:40:00', '0000-00-00 00:00:00'),
(136, 136, '12345813', 'Pelapor 136', '2000-09-02', 19, '1', 'Alamat Pelapor 136', '2020-05-21 10:40:00', '0000-00-00 00:00:00'),
(137, 137, '12345814', 'Pelapor 137', '1991-03-17', 29, '2', 'Alamat Pelapor 137', '2020-05-21 10:40:00', '0000-00-00 00:00:00'),
(138, 138, '12345815', 'Pelapor 138', '2003-08-28', 16, '2', 'Alamat Pelapor 138', '2020-05-21 10:40:00', '0000-00-00 00:00:00'),
(139, 139, '12345816', 'Pelapor 139', '1992-08-16', 27, '2', 'Alamat Pelapor 139', '2020-05-21 10:40:00', '0000-00-00 00:00:00'),
(140, 140, '12345817', 'Pelapor 140', '2008-04-13', 12, '2', 'Alamat Pelapor 140', '2020-05-21 10:40:00', '0000-00-00 00:00:00'),
(141, 141, '12345818', 'Pelapor 141', '2003-02-26', 17, '2', 'Alamat Pelapor 141', '2020-05-21 10:40:00', '0000-00-00 00:00:00'),
(142, 142, '12345819', 'Pelapor 142', '2008-07-20', 11, '1', 'Alamat Pelapor 142', '2020-05-21 10:40:00', '0000-00-00 00:00:00'),
(143, 143, '12345820', 'Pelapor 143', '1994-06-11', 25, '2', 'Alamat Pelapor 143', '2020-05-21 10:40:00', '0000-00-00 00:00:00'),
(144, 144, '12345821', 'Pelapor 144', '2002-06-22', 17, '2', 'Alamat Pelapor 144', '2020-05-21 10:40:00', '0000-00-00 00:00:00'),
(145, 145, '12345822', 'Pelapor 145', '1994-08-22', 25, '2', 'Alamat Pelapor 145', '2020-05-21 10:40:00', '0000-00-00 00:00:00'),
(146, 146, '12345823', 'Pelapor 146', '1994-03-08', 26, '2', 'Alamat Pelapor 146', '2020-05-21 10:40:00', '0000-00-00 00:00:00'),
(147, 147, '12345824', 'Pelapor 147', '2008-11-28', 11, '2', 'Alamat Pelapor 147', '2020-05-21 10:40:00', '0000-00-00 00:00:00'),
(148, 148, '12345825', 'Pelapor 148', '1993-03-15', 27, '1', 'Alamat Pelapor 148', '2020-05-21 10:40:00', '0000-00-00 00:00:00'),
(149, 149, '12345826', 'Pelapor 149', '2003-09-16', 16, '1', 'Alamat Pelapor 149', '2020-05-21 10:40:00', '0000-00-00 00:00:00'),
(150, 150, '12345827', 'Pelapor 150', '2009-07-07', 10, '1', 'Alamat Pelapor 150', '2020-05-21 10:40:00', '0000-00-00 00:00:00'),
(151, 151, '12345828', 'Pelapor 151', '2000-02-23', 20, '1', 'Alamat Pelapor 151', '2020-05-21 10:40:00', '0000-00-00 00:00:00'),
(152, 152, '12345829', 'Pelapor 152', '2001-07-19', 18, '2', 'Alamat Pelapor 152', '2020-05-21 10:40:00', '0000-00-00 00:00:00'),
(153, 153, '12345830', 'Pelapor 153', '1999-04-18', 21, '1', 'Alamat Pelapor 153', '2020-05-21 10:40:00', '0000-00-00 00:00:00'),
(154, 154, '12345831', 'Pelapor 154', '2007-05-27', 12, '1', 'Alamat Pelapor 154', '2020-05-21 10:40:00', '0000-00-00 00:00:00'),
(155, 155, '12345832', 'Pelapor 155', '2006-06-17', 13, '2', 'Alamat Pelapor 155', '2020-05-21 10:40:00', '0000-00-00 00:00:00'),
(156, 156, '12345833', 'Pelapor 156', '1994-12-18', 25, '1', 'Alamat Pelapor 156', '2020-05-21 10:40:00', '0000-00-00 00:00:00'),
(157, 157, '12345834', 'Pelapor 157', '2008-07-30', 11, '2', 'Alamat Pelapor 157', '2020-05-21 10:40:00', '0000-00-00 00:00:00'),
(158, 158, '12345835', 'Pelapor 158', '2006-07-31', 13, '1', 'Alamat Pelapor 158', '2020-05-21 10:40:00', '0000-00-00 00:00:00'),
(159, 159, '12345836', 'Pelapor 159', '1991-07-20', 28, '1', 'Alamat Pelapor 159', '2020-05-21 10:40:00', '0000-00-00 00:00:00'),
(160, 160, '12345837', 'Pelapor 160', '1999-12-09', 20, '1', 'Alamat Pelapor 160', '2020-05-21 10:40:00', '0000-00-00 00:00:00'),
(161, 161, '12345838', 'Pelapor 161', '2009-10-30', 10, '2', 'Alamat Pelapor 161', '2020-05-21 10:40:00', '0000-00-00 00:00:00'),
(162, 162, '12345839', 'Pelapor 162', '2006-11-24', 13, '2', 'Alamat Pelapor 162', '2020-05-21 10:40:00', '0000-00-00 00:00:00'),
(163, 163, '12345840', 'Pelapor 163', '1994-07-27', 25, '2', 'Alamat Pelapor 163', '2020-05-21 10:40:00', '0000-00-00 00:00:00'),
(164, 164, '12345841', 'Pelapor 164', '2006-04-27', 14, '1', 'Alamat Pelapor 164', '2020-05-21 10:40:00', '0000-00-00 00:00:00'),
(165, 165, '12345842', 'Pelapor 165', '1992-06-20', 27, '1', 'Alamat Pelapor 165', '2020-05-21 10:40:00', '0000-00-00 00:00:00'),
(166, 166, '12345843', 'Pelapor 166', '1994-06-21', 25, '1', 'Alamat Pelapor 166', '2020-05-21 10:40:00', '0000-00-00 00:00:00'),
(167, 167, '12345844', 'Pelapor 167', '1993-11-14', 26, '1', 'Alamat Pelapor 167', '2020-05-21 10:40:00', '0000-00-00 00:00:00'),
(168, 168, '12345845', 'Pelapor 168', '2005-07-31', 14, '1', 'Alamat Pelapor 168', '2020-05-21 10:40:00', '0000-00-00 00:00:00'),
(169, 169, '12345846', 'Pelapor 169', '1996-09-22', 23, '1', 'Alamat Pelapor 169', '2020-05-21 10:40:00', '0000-00-00 00:00:00'),
(170, 170, '12345847', 'Pelapor 170', '1993-03-03', 27, '2', 'Alamat Pelapor 170', '2020-05-21 10:40:00', '0000-00-00 00:00:00'),
(171, 171, '12345848', 'Pelapor 171', '2002-10-30', 17, '1', 'Alamat Pelapor 171', '2020-05-21 10:40:00', '0000-00-00 00:00:00'),
(172, 172, '12345849', 'Pelapor 172', '2008-06-26', 11, '1', 'Alamat Pelapor 172', '2020-05-21 10:40:00', '0000-00-00 00:00:00'),
(173, 173, '12345850', 'Pelapor 173', '2001-04-20', 19, '2', 'Alamat Pelapor 173', '2020-05-21 10:40:00', '0000-00-00 00:00:00'),
(174, 174, '12345851', 'Pelapor 174', '1996-07-24', 23, '1', 'Alamat Pelapor 174', '2020-05-21 10:40:00', '0000-00-00 00:00:00'),
(175, 175, '12345852', 'Pelapor 175', '2004-04-12', 16, '2', 'Alamat Pelapor 175', '2020-05-21 10:40:00', '0000-00-00 00:00:00'),
(176, 176, '12345853', 'Pelapor 176', '1999-08-23', 20, '2', 'Alamat Pelapor 176', '2020-05-21 10:40:00', '0000-00-00 00:00:00'),
(177, 177, '12345854', 'Pelapor 177', '1999-06-13', 20, '2', 'Alamat Pelapor 177', '2020-05-21 10:40:00', '0000-00-00 00:00:00'),
(178, 178, '12345855', 'Pelapor 178', '1991-06-26', 28, '1', 'Alamat Pelapor 178', '2020-05-21 10:40:00', '0000-00-00 00:00:00'),
(179, 179, '12345856', 'Pelapor 179', '1995-11-05', 24, '1', 'Alamat Pelapor 179', '2020-05-21 10:40:00', '0000-00-00 00:00:00'),
(180, 180, '12345857', 'Pelapor 180', '1998-05-15', 22, '1', 'Alamat Pelapor 180', '2020-05-21 10:40:00', '0000-00-00 00:00:00'),
(181, 181, '12345858', 'Pelapor 181', '1994-04-27', 26, '1', 'Alamat Pelapor 181', '2020-05-21 10:40:00', '0000-00-00 00:00:00'),
(182, 182, '12345859', 'Pelapor 182', '2004-05-27', 15, '2', 'Alamat Pelapor 182', '2020-05-21 10:40:00', '0000-00-00 00:00:00'),
(183, 183, '12345860', 'Pelapor 183', '2002-02-18', 18, '1', 'Alamat Pelapor 183', '2020-05-21 10:40:00', '0000-00-00 00:00:00'),
(184, 184, '12345861', 'Pelapor 184', '2008-05-17', 12, '2', 'Alamat Pelapor 184', '2020-05-21 10:40:00', '0000-00-00 00:00:00'),
(185, 185, '12345862', 'Pelapor 185', '1991-09-10', 28, '2', 'Alamat Pelapor 185', '2020-05-21 10:40:00', '0000-00-00 00:00:00'),
(186, 186, '12345863', 'Pelapor 186', '2002-05-31', 17, '2', 'Alamat Pelapor 186', '2020-05-21 10:40:00', '0000-00-00 00:00:00'),
(187, 187, '12345864', 'Pelapor 187', '2000-01-14', 20, '1', 'Alamat Pelapor 187', '2020-05-21 10:40:00', '0000-00-00 00:00:00'),
(188, 188, '12345865', 'Pelapor 188', '1993-08-08', 26, '1', 'Alamat Pelapor 188', '2020-05-21 10:40:00', '0000-00-00 00:00:00'),
(189, 189, '12345866', 'Pelapor 189', '1999-12-12', 20, '1', 'Alamat Pelapor 189', '2020-05-21 10:40:00', '0000-00-00 00:00:00'),
(190, 190, '12345867', 'Pelapor 190', '2000-02-24', 20, '2', 'Alamat Pelapor 190', '2020-05-21 10:40:00', '0000-00-00 00:00:00'),
(191, 191, '12345868', 'Pelapor 191', '2010-07-05', 9, '2', 'Alamat Pelapor 191', '2020-05-21 10:40:00', '0000-00-00 00:00:00'),
(192, 192, '12345869', 'Pelapor 192', '2004-02-29', 16, '2', 'Alamat Pelapor 192', '2020-05-21 10:40:00', '0000-00-00 00:00:00'),
(193, 193, '12345870', 'Pelapor 193', '2008-12-18', 11, '2', 'Alamat Pelapor 193', '2020-05-21 10:40:00', '0000-00-00 00:00:00'),
(194, 194, '12345871', 'Pelapor 194', '1993-06-04', 26, '1', 'Alamat Pelapor 194', '2020-05-21 10:40:00', '0000-00-00 00:00:00'),
(195, 195, '12345872', 'Pelapor 195', '1992-12-06', 27, '1', 'Alamat Pelapor 195', '2020-05-21 10:40:00', '0000-00-00 00:00:00'),
(196, 196, '12345873', 'Pelapor 196', '1993-03-27', 27, '2', 'Alamat Pelapor 196', '2020-05-21 10:40:00', '0000-00-00 00:00:00'),
(197, 197, '12345874', 'Pelapor 197', '1995-01-12', 25, '1', 'Alamat Pelapor 197', '2020-05-21 10:40:00', '0000-00-00 00:00:00'),
(198, 198, '12345875', 'Pelapor 198', '2009-12-09', 10, '2', 'Alamat Pelapor 198', '2020-05-21 10:40:00', '0000-00-00 00:00:00'),
(199, 199, '12345876', 'Pelapor 199', '1999-11-02', 20, '2', 'Alamat Pelapor 199', '2020-05-21 10:40:00', '0000-00-00 00:00:00'),
(200, 200, '12345877', 'Pelapor 200', '2002-06-11', 17, '2', 'Alamat Pelapor 200', '2020-05-21 10:40:00', '0000-00-00 00:00:00'),
(201, 201, '12345878', 'Pelapor 201', '1994-01-07', 26, '2', 'Alamat Pelapor 201', '2020-05-21 10:40:00', '0000-00-00 00:00:00'),
(202, 202, '12345879', 'Pelapor 202', '2007-06-06', 12, '2', 'Alamat Pelapor 202', '2020-05-21 10:40:00', '0000-00-00 00:00:00'),
(203, 203, '12345880', 'Pelapor 203', '1996-12-10', 23, '2', 'Alamat Pelapor 203', '2020-05-21 10:40:00', '0000-00-00 00:00:00'),
(204, 204, '12345881', 'Pelapor 204', '1995-04-25', 25, '2', 'Alamat Pelapor 204', '2020-05-21 10:40:00', '0000-00-00 00:00:00'),
(205, 205, '12345882', 'Pelapor 205', '1994-03-14', 26, '2', 'Alamat Pelapor 205', '2020-05-21 10:40:00', '0000-00-00 00:00:00'),
(206, 206, '12345883', 'Pelapor 206', '1995-07-24', 24, '2', 'Alamat Pelapor 206', '2020-05-21 10:40:00', '0000-00-00 00:00:00'),
(207, 207, '12345884', 'Pelapor 207', '1998-02-16', 22, '1', 'Alamat Pelapor 207', '2020-05-21 10:40:00', '0000-00-00 00:00:00'),
(208, 208, '12345885', 'Pelapor 208', '1996-11-14', 23, '2', 'Alamat Pelapor 208', '2020-05-21 10:40:00', '0000-00-00 00:00:00'),
(209, 209, '12345886', 'Pelapor 209', '1995-07-07', 24, '2', 'Alamat Pelapor 209', '2020-05-21 10:40:00', '0000-00-00 00:00:00'),
(210, 210, '12345887', 'Pelapor 210', '1993-04-29', 27, '1', 'Alamat Pelapor 210', '2020-05-21 10:40:00', '0000-00-00 00:00:00'),
(211, 211, '12345888', 'Pelapor 211', '2001-06-12', 18, '2', 'Alamat Pelapor 211', '2020-05-21 10:40:00', '0000-00-00 00:00:00'),
(212, 212, '12345889', 'Pelapor 212', '2000-08-13', 19, '1', 'Alamat Pelapor 212', '2020-05-21 10:40:00', '0000-00-00 00:00:00'),
(213, 213, '12345890', 'Pelapor 213', '2002-08-19', 17, '2', 'Alamat Pelapor 213', '2020-05-21 10:40:00', '0000-00-00 00:00:00'),
(214, 214, '12345891', 'Pelapor 214', '2004-07-03', 15, '1', 'Alamat Pelapor 214', '2020-05-21 10:40:00', '0000-00-00 00:00:00'),
(215, 215, '12345892', 'Pelapor 215', '1992-05-30', 27, '2', 'Alamat Pelapor 215', '2020-05-21 10:40:00', '0000-00-00 00:00:00'),
(216, 216, '12345893', 'Pelapor 216', '2003-03-17', 17, '2', 'Alamat Pelapor 216', '2020-05-21 10:40:00', '0000-00-00 00:00:00'),
(217, 217, '12345894', 'Pelapor 217', '1996-02-27', 24, '1', 'Alamat Pelapor 217', '2020-05-21 10:40:00', '0000-00-00 00:00:00'),
(218, 218, '12345895', 'Pelapor 218', '1999-09-23', 20, '2', 'Alamat Pelapor 218', '2020-05-21 10:40:00', '0000-00-00 00:00:00'),
(219, 219, '12345896', 'Pelapor 219', '1993-10-23', 26, '2', 'Alamat Pelapor 219', '2020-05-21 10:40:00', '0000-00-00 00:00:00'),
(220, 220, '12345897', 'Pelapor 220', '1992-07-30', 27, '2', 'Alamat Pelapor 220', '2020-05-21 10:40:00', '0000-00-00 00:00:00'),
(221, 221, '12345898', 'Pelapor 221', '1994-06-20', 25, '1', 'Alamat Pelapor 221', '2020-05-21 10:40:00', '0000-00-00 00:00:00'),
(222, 222, '12345899', 'Pelapor 222', '2004-07-04', 15, '1', 'Alamat Pelapor 222', '2020-05-21 10:40:00', '0000-00-00 00:00:00'),
(223, 223, '12345900', 'Pelapor 223', '1993-11-04', 26, '1', 'Alamat Pelapor 223', '2020-05-21 10:40:00', '0000-00-00 00:00:00'),
(224, 224, '12345901', 'Pelapor 224', '2000-08-07', 19, '2', 'Alamat Pelapor 224', '2020-05-21 10:40:00', '0000-00-00 00:00:00'),
(225, 225, '12345902', 'Pelapor 225', '1999-10-19', 20, '1', 'Alamat Pelapor 225', '2020-05-21 10:40:00', '0000-00-00 00:00:00'),
(226, 226, '12345903', 'Pelapor 226', '2000-10-30', 19, '1', 'Alamat Pelapor 226', '2020-05-21 10:40:00', '0000-00-00 00:00:00'),
(227, 227, '12345904', 'Pelapor 227', '2000-02-10', 20, '1', 'Alamat Pelapor 227', '2020-05-21 10:40:00', '0000-00-00 00:00:00'),
(228, 228, '12345905', 'Pelapor 228', '1994-10-09', 25, '2', 'Alamat Pelapor 228', '2020-05-21 10:40:00', '0000-00-00 00:00:00'),
(229, 229, '12345906', 'Pelapor 229', '2003-11-21', 16, '1', 'Alamat Pelapor 229', '2020-05-21 10:40:00', '0000-00-00 00:00:00'),
(230, 230, '12345907', 'Pelapor 230', '1998-12-05', 21, '1', 'Alamat Pelapor 230', '2020-05-21 10:40:00', '0000-00-00 00:00:00'),
(231, 231, '12345908', 'Pelapor 231', '2000-10-25', 19, '2', 'Alamat Pelapor 231', '2020-05-21 10:40:00', '0000-00-00 00:00:00'),
(232, 232, '12345909', 'Pelapor 232', '1999-04-05', 21, '2', 'Alamat Pelapor 232', '2020-05-21 10:40:00', '0000-00-00 00:00:00'),
(233, 233, '12345910', 'Pelapor 233', '1994-11-18', 25, '2', 'Alamat Pelapor 233', '2020-05-21 10:40:00', '0000-00-00 00:00:00'),
(234, 234, '12345911', 'Pelapor 234', '2000-08-22', 19, '2', 'Alamat Pelapor 234', '2020-05-21 10:40:00', '0000-00-00 00:00:00'),
(235, 235, '12345912', 'Pelapor 235', '2004-10-23', 15, '2', 'Alamat Pelapor 235', '2020-05-21 10:40:00', '0000-00-00 00:00:00'),
(236, 236, '12345913', 'Pelapor 236', '2005-08-08', 14, '1', 'Alamat Pelapor 236', '2020-05-21 10:40:00', '0000-00-00 00:00:00'),
(237, 237, '12345914', 'Pelapor 237', '2005-02-03', 15, '1', 'Alamat Pelapor 237', '2020-05-21 10:40:00', '0000-00-00 00:00:00'),
(238, 238, '12345915', 'Pelapor 238', '1991-02-18', 29, '2', 'Alamat Pelapor 238', '2020-05-21 10:40:00', '0000-00-00 00:00:00'),
(239, 239, '12345916', 'Pelapor 239', '1996-08-05', 23, '2', 'Alamat Pelapor 239', '2020-05-21 10:40:00', '0000-00-00 00:00:00'),
(240, 240, '12345917', 'Pelapor 240', '1998-11-02', 21, '2', 'Alamat Pelapor 240', '2020-05-21 10:40:00', '0000-00-00 00:00:00'),
(241, 241, '12345918', 'Pelapor 241', '2002-05-15', 18, '1', 'Alamat Pelapor 241', '2020-05-21 10:40:00', '0000-00-00 00:00:00'),
(242, 242, '12345919', 'Pelapor 242', '1993-09-03', 26, '1', 'Alamat Pelapor 242', '2020-05-21 10:40:00', '0000-00-00 00:00:00'),
(243, 243, '12345920', 'Pelapor 243', '1993-03-02', 27, '2', 'Alamat Pelapor 243', '2020-05-21 10:40:00', '0000-00-00 00:00:00'),
(244, 244, '12345921', 'Pelapor 244', '2006-12-03', 13, '1', 'Alamat Pelapor 244', '2020-05-21 10:40:00', '0000-00-00 00:00:00'),
(245, 245, '12345922', 'Pelapor 245', '1991-06-28', 28, '1', 'Alamat Pelapor 245', '2020-05-21 10:40:00', '0000-00-00 00:00:00'),
(246, 246, '12345923', 'Pelapor 246', '2000-08-20', 19, '2', 'Alamat Pelapor 246', '2020-05-21 10:40:00', '0000-00-00 00:00:00'),
(247, 247, '12345924', 'Pelapor 247', '2003-03-05', 17, '1', 'Alamat Pelapor 247', '2020-05-21 10:40:00', '0000-00-00 00:00:00'),
(248, 248, '12345925', 'Pelapor 248', '2003-08-22', 16, '2', 'Alamat Pelapor 248', '2020-05-21 10:40:00', '0000-00-00 00:00:00'),
(249, 249, '12345926', 'Pelapor 249', '1991-11-19', 28, '1', 'Alamat Pelapor 249', '2020-05-21 10:40:00', '0000-00-00 00:00:00'),
(250, 250, '12345927', 'Pelapor 250', '2009-05-14', 11, '1', 'Alamat Pelapor 250', '2020-05-21 10:40:00', '0000-00-00 00:00:00'),
(251, 251, '12345928', 'Pelapor 251', '1994-07-19', 25, '1', 'Alamat Pelapor 251', '2020-05-21 10:40:00', '0000-00-00 00:00:00'),
(252, 252, '12345929', 'Pelapor 252', '1996-11-09', 23, '1', 'Alamat Pelapor 252', '2020-05-21 10:40:00', '0000-00-00 00:00:00'),
(253, 253, '12345930', 'Pelapor 253', '1995-10-31', 24, '1', 'Alamat Pelapor 253', '2020-05-21 10:40:00', '0000-00-00 00:00:00'),
(254, 254, '12345931', 'Pelapor 254', '2002-09-22', 17, '2', 'Alamat Pelapor 254', '2020-05-21 10:40:00', '0000-00-00 00:00:00'),
(255, 255, '12345932', 'Pelapor 255', '1996-07-20', 23, '1', 'Alamat Pelapor 255', '2020-05-21 10:40:00', '0000-00-00 00:00:00'),
(256, 256, '12345933', 'Pelapor 256', '2002-01-27', 18, '2', 'Alamat Pelapor 256', '2020-05-21 10:40:00', '0000-00-00 00:00:00'),
(257, 257, '12345934', 'Pelapor 257', '1996-03-03', 24, '2', 'Alamat Pelapor 257', '2020-05-21 10:40:00', '0000-00-00 00:00:00'),
(258, 258, '12345935', 'Pelapor 258', '2001-06-16', 18, '2', 'Alamat Pelapor 258', '2020-05-21 10:40:00', '0000-00-00 00:00:00'),
(259, 259, '12345936', 'Pelapor 259', '2001-04-21', 19, '1', 'Alamat Pelapor 259', '2020-05-21 10:40:00', '0000-00-00 00:00:00'),
(260, 260, '12345937', 'Pelapor 260', '1993-05-10', 27, '1', 'Alamat Pelapor 260', '2020-05-21 10:40:00', '0000-00-00 00:00:00'),
(261, 261, '12345938', 'Pelapor 261', '1996-06-16', 23, '2', 'Alamat Pelapor 261', '2020-05-21 10:40:00', '0000-00-00 00:00:00'),
(262, 262, '12345939', 'Pelapor 262', '2001-10-28', 18, '1', 'Alamat Pelapor 262', '2020-05-21 10:40:00', '0000-00-00 00:00:00'),
(263, 263, '12345940', 'Pelapor 263', '2010-10-04', 9, '2', 'Alamat Pelapor 263', '2020-05-21 10:40:00', '0000-00-00 00:00:00'),
(264, 264, '12345941', 'Pelapor 264', '2006-01-16', 14, '2', 'Alamat Pelapor 264', '2020-05-21 10:40:00', '0000-00-00 00:00:00'),
(265, 265, '12345942', 'Pelapor 265', '1991-10-12', 28, '1', 'Alamat Pelapor 265', '2020-05-21 10:40:00', '0000-00-00 00:00:00'),
(266, 266, '12345943', 'Pelapor 266', '1993-07-02', 26, '1', 'Alamat Pelapor 266', '2020-05-21 10:40:00', '0000-00-00 00:00:00'),
(267, 267, '12345944', 'Pelapor 267', '2009-04-22', 11, '1', 'Alamat Pelapor 267', '2020-05-21 10:40:00', '0000-00-00 00:00:00'),
(268, 268, '12345945', 'Pelapor 268', '2006-05-02', 14, '2', 'Alamat Pelapor 268', '2020-05-21 10:40:00', '0000-00-00 00:00:00'),
(269, 269, '12345946', 'Pelapor 269', '2007-12-03', 12, '2', 'Alamat Pelapor 269', '2020-05-21 10:40:00', '0000-00-00 00:00:00'),
(270, 270, '12345947', 'Pelapor 270', '1993-03-13', 27, '1', 'Alamat Pelapor 270', '2020-05-21 10:40:00', '0000-00-00 00:00:00'),
(271, 271, '12345948', 'Pelapor 271', '2000-10-19', 19, '1', 'Alamat Pelapor 271', '2020-05-21 10:40:00', '0000-00-00 00:00:00'),
(272, 272, '12345949', 'Pelapor 272', '2007-09-05', 12, '2', 'Alamat Pelapor 272', '2020-05-21 10:40:00', '0000-00-00 00:00:00'),
(273, 273, '12345950', 'Pelapor 273', '1992-09-29', 27, '1', 'Alamat Pelapor 273', '2020-05-21 10:40:00', '0000-00-00 00:00:00'),
(274, 274, '12345951', 'Pelapor 274', '2008-11-23', 11, '1', 'Alamat Pelapor 274', '2020-05-21 10:40:00', '0000-00-00 00:00:00'),
(275, 275, '12345952', 'Pelapor 275', '1994-12-20', 25, '2', 'Alamat Pelapor 275', '2020-05-21 10:40:00', '0000-00-00 00:00:00'),
(276, 276, '12345953', 'Pelapor 276', '2005-10-24', 14, '1', 'Alamat Pelapor 276', '2020-05-21 10:40:00', '0000-00-00 00:00:00'),
(277, 277, '12345954', 'Pelapor 277', '1994-07-21', 25, '2', 'Alamat Pelapor 277', '2020-05-21 10:40:00', '0000-00-00 00:00:00'),
(278, 278, '12345955', 'Pelapor 278', '2006-07-29', 13, '2', 'Alamat Pelapor 278', '2020-05-21 10:40:00', '0000-00-00 00:00:00'),
(279, 279, '12345956', 'Pelapor 279', '1992-03-29', 28, '1', 'Alamat Pelapor 279', '2020-05-21 10:40:00', '0000-00-00 00:00:00'),
(280, 280, '12345957', 'Pelapor 280', '1995-03-03', 25, '1', 'Alamat Pelapor 280', '2020-05-21 10:40:00', '0000-00-00 00:00:00'),
(281, 281, '12345958', 'Pelapor 281', '1996-07-25', 23, '2', 'Alamat Pelapor 281', '2020-05-21 10:40:00', '0000-00-00 00:00:00'),
(282, 282, '12345959', 'Pelapor 282', '2009-01-22', 11, '1', 'Alamat Pelapor 282', '2020-05-21 10:40:00', '0000-00-00 00:00:00'),
(283, 283, '12345960', 'Pelapor 283', '2010-09-20', 9, '2', 'Alamat Pelapor 283', '2020-05-21 10:40:00', '0000-00-00 00:00:00'),
(284, 284, '12345961', 'Pelapor 284', '1999-08-12', 20, '1', 'Alamat Pelapor 284', '2020-05-21 10:40:00', '0000-00-00 00:00:00'),
(285, 285, '12345962', 'Pelapor 285', '1999-03-12', 21, '1', 'Alamat Pelapor 285', '2020-05-21 10:40:00', '0000-00-00 00:00:00'),
(286, 286, '12345963', 'Pelapor 286', '2000-01-23', 20, '2', 'Alamat Pelapor 286', '2020-05-21 10:40:00', '0000-00-00 00:00:00'),
(287, 287, '12345964', 'Pelapor 287', '2004-10-17', 15, '1', 'Alamat Pelapor 287', '2020-05-21 10:40:00', '0000-00-00 00:00:00'),
(288, 288, '12345965', 'Pelapor 288', '2002-10-26', 17, '1', 'Alamat Pelapor 288', '2020-05-21 10:40:00', '0000-00-00 00:00:00'),
(289, 289, '12345966', 'Pelapor 289', '1998-05-19', 22, '2', 'Alamat Pelapor 289', '2020-05-21 10:40:00', '0000-00-00 00:00:00'),
(290, 290, '12345967', 'Pelapor 290', '2006-11-09', 13, '2', 'Alamat Pelapor 290', '2020-05-21 10:40:00', '0000-00-00 00:00:00'),
(291, 291, '12345968', 'Pelapor 291', '1999-06-21', 20, '1', 'Alamat Pelapor 291', '2020-05-21 10:40:00', '0000-00-00 00:00:00'),
(292, 292, '12345969', 'Pelapor 292', '1994-12-02', 25, '2', 'Alamat Pelapor 292', '2020-05-21 10:40:00', '0000-00-00 00:00:00'),
(293, 293, '12345970', 'Pelapor 293', '2009-11-04', 10, '2', 'Alamat Pelapor 293', '2020-05-21 10:40:00', '0000-00-00 00:00:00'),
(294, 294, '12345971', 'Pelapor 294', '1992-10-19', 27, '1', 'Alamat Pelapor 294', '2020-05-21 10:40:00', '0000-00-00 00:00:00'),
(295, 295, '12345972', 'Pelapor 295', '1996-10-17', 23, '2', 'Alamat Pelapor 295', '2020-05-21 10:40:00', '0000-00-00 00:00:00'),
(296, 296, '12345973', 'Pelapor 296', '1991-12-31', 28, '2', 'Alamat Pelapor 296', '2020-05-21 10:40:00', '0000-00-00 00:00:00'),
(297, 297, '12345974', 'Pelapor 297', '1995-10-02', 24, '1', 'Alamat Pelapor 297', '2020-05-21 10:40:00', '0000-00-00 00:00:00'),
(298, 298, '12345975', 'Pelapor 298', '1994-07-28', 25, '1', 'Alamat Pelapor 298', '2020-05-21 10:40:00', '0000-00-00 00:00:00'),
(299, 299, '12345976', 'Pelapor 299', '1999-10-28', 20, '1', 'Alamat Pelapor 299', '2020-05-21 10:40:00', '0000-00-00 00:00:00'),
(300, 300, '12345977', 'Pelapor 300', '2007-03-01', 13, '1', 'Alamat Pelapor 300', '2020-05-21 10:40:00', '0000-00-00 00:00:00'),
(301, 301, '3245678923', 'Egi', '1990-02-13', 24, '1', 'Bandung', '2020-08-31 12:43:09', '2020-08-31 12:43:09'),
(302, 302, '3245678923', 'Egi Rizki', '2020-11-21', 30, '1', 'bandung barat', '2020-11-21 03:58:37', '2020-11-21 03:58:37'),
(303, 303, '3245678923', 'Rizky', '2020-11-21', 24, '1', 'bandung  barat', '2020-11-21 04:05:35', '2020-11-21 04:05:35');

-- --------------------------------------------------------

--
-- Struktur dari tabel `t_lp_stnk`
--

DROP TABLE IF EXISTS `t_lp_stnk`;
CREATE TABLE `t_lp_stnk` (
  `id` int(11) NOT NULL,
  `lp_id` int(11) NOT NULL,
  `nama` varchar(64) DEFAULT NULL,
  `nik` varchar(20) DEFAULT NULL,
  `alamat` text,
  `isi_silinder` int(11) DEFAULT NULL,
  `nomor_registrasi` varchar(64) DEFAULT NULL,
  `nomor_rangka` varchar(64) DEFAULT NULL,
  `nomor_mesin` varchar(64) DEFAULT NULL,
  `merk` varchar(64) DEFAULT NULL,
  `warna` varchar(64) DEFAULT NULL,
  `type` varchar(64) DEFAULT NULL,
  `bahan_bakar` varchar(64) DEFAULT NULL,
  `jenis` varchar(64) DEFAULT NULL,
  `warna_tnkb` varchar(64) DEFAULT NULL,
  `model` varchar(64) DEFAULT NULL,
  `tahun_registrasi` int(4) DEFAULT NULL,
  `tahun_pembuatan` int(4) DEFAULT NULL,
  `nomor_bpkb` varchar(64) DEFAULT NULL,
  `latitude` varchar(100) DEFAULT NULL,
  `longitude` varchar(100) DEFAULT NULL,
  `created_at` datetime NOT NULL,
  `updated_at` datetime NOT NULL,
  `isFound` int(11) DEFAULT '0',
  `isFoundId` int(11) DEFAULT NULL
) ENGINE=InnoDB DEFAULT CHARSET=latin1;

--
-- Dumping data untuk tabel `t_lp_stnk`
--

INSERT INTO `t_lp_stnk` (`id`, `lp_id`, `nama`, `nik`, `alamat`, `isi_silinder`, `nomor_registrasi`, `nomor_rangka`, `nomor_mesin`, `merk`, `warna`, `type`, `bahan_bakar`, `jenis`, `warna_tnkb`, `model`, `tahun_registrasi`, `tahun_pembuatan`, `nomor_bpkb`, `latitude`, `longitude`, `created_at`, `updated_at`, `isFound`, `isFoundId`) VALUES
(1, 1, 'Pemilik Kendaraan 1', '87654321', 'Pemilik Kendaraan 1', 150, 'D 1234 ZD', '42364874', '423784', 'Merk Kendaraan', 'Hitam', 'R2', 'Bensin', 'Penumpang', 'Kuning', 'Model', 2016, 2017, 'KO633', NULL, NULL, '2020-05-21 10:56:00', '0000-00-00 00:00:00', 0, NULL),
(2, 2, 'Pemilik Kendaraan 2', '87654322', 'Pemilik Kendaraan 2', 151, 'D 1235 ZD', '42364875', '423785', 'Merk Kendaraan', 'Hitam', 'R4', 'Solar', 'Penumpang', 'Merah', 'Model', 2016, 2012, 'KO634', NULL, NULL, '2020-05-21 10:56:00', '2020-11-29 02:50:31', 1, 2),
(3, 3, 'Pemilik Kendaraan 3', '87654323', 'Pemilik Kendaraan 3', 152, 'D 1234 ZD', '42364876', '423786', 'Merk Kendaraan', 'Merah', 'R4', 'Solar', 'Penumpang', 'Hitam', 'Model', 2014, 2016, 'KO635', NULL, NULL, '2020-05-21 10:56:00', '0000-00-00 00:00:00', 0, NULL),
(4, 4, 'Pemilik Kendaraan 4', '87654324', 'Pemilik Kendaraan 4', 153, 'D 1235 ZD', '42364877', '423787', 'Merk Kendaraan', 'Merah', 'R4', 'Solar', 'Penumpang', 'Merah', 'Model', 2012, 2018, 'KO636', NULL, NULL, '2020-05-21 10:56:00', '0000-00-00 00:00:00', 0, NULL),
(5, 5, 'Pemilik Kendaraan 5', '87654325', 'Pemilik Kendaraan 5', 154, 'D 1234 ZD', '42364878', '423788', 'Merk Kendaraan', 'Hitam', 'R2', 'Bensin', 'Penumpang', 'Hitam', 'Model', 2019, 2019, 'KO637', NULL, NULL, '2020-05-21 10:56:00', '0000-00-00 00:00:00', 0, NULL),
(6, 6, 'Pemilik Kendaraan 6', '87654326', 'Pemilik Kendaraan 6', 155, 'D 1235 ZD', '42364879', '423789', 'Merk Kendaraan', 'Putih', 'R2', 'Solar', 'Penumpang', 'Kuning', 'Model', 2013, 2013, 'KO638', NULL, NULL, '2020-05-21 10:56:00', '0000-00-00 00:00:00', 0, NULL),
(7, 7, 'Pemilik Kendaraan 7', '87654327', 'Pemilik Kendaraan 7', 156, 'D 1234 ZD', '42364880', '423790', 'Merk Kendaraan', 'Merah', 'R4', 'Solar', 'Penumpang', 'Merah', 'Model', 2015, 2013, 'KO639', NULL, NULL, '2020-05-21 10:56:00', '0000-00-00 00:00:00', 0, NULL),
(8, 8, 'Pemilik Kendaraan 8', '87654328', 'Pemilik Kendaraan 8', 157, 'D 1235 ZD', '42364881', '423791', 'Merk Kendaraan', 'Putih', 'R2', 'Solar', 'Penumpang', 'Kuning', 'Model', 2016, 2014, 'KO640', NULL, NULL, '2020-05-21 10:56:00', '0000-00-00 00:00:00', 0, NULL),
(9, 9, 'Pemilik Kendaraan 9', '87654329', 'Pemilik Kendaraan 9', 158, 'D 1234 ZD', '42364882', '423792', 'Merk Kendaraan', 'Merah', 'R4', 'Solar', 'Penumpang', 'Merah', 'Model', 2013, 2016, 'KO641', NULL, NULL, '2020-05-21 10:56:00', '0000-00-00 00:00:00', 0, NULL),
(10, 10, 'Pemilik Kendaraan 10', '87654330', 'Pemilik Kendaraan 10', 159, 'D 1235 ZD', '42364883', '423793', 'Merk Kendaraan', 'Merah', 'R2', 'Solar', 'Penumpang', 'Merah', 'Model', 2018, 2016, 'KO642', NULL, NULL, '2020-05-21 10:56:00', '0000-00-00 00:00:00', 0, NULL),
(11, 11, 'Pemilik Kendaraan 11', '87654331', 'Pemilik Kendaraan 11', 160, 'D 1234 ZD', '42364884', '423794', 'Merk Kendaraan', 'Merah', 'R4', 'Bensin', 'Penumpang', 'Hitam', 'Model', 2019, 2017, 'KO643', NULL, NULL, '2020-05-21 10:56:00', '0000-00-00 00:00:00', 0, NULL),
(12, 12, 'Pemilik Kendaraan 12', '87654332', 'Pemilik Kendaraan 12', 161, 'D 1235 ZD', '42364885', '423795', 'Merk Kendaraan', 'Putih', 'R2', 'Bensin', 'Penumpang', 'Merah', 'Model', 2012, 2012, 'KO644', NULL, NULL, '2020-05-21 10:56:00', '0000-00-00 00:00:00', 0, NULL),
(13, 13, 'Pemilik Kendaraan 13', '87654333', 'Pemilik Kendaraan 13', 162, 'D 1234 ZD', '42364886', '423796', 'Merk Kendaraan', 'Hitam', 'R4', 'Bensin', 'Penumpang', 'Hitam', 'Model', 2013, 2015, 'KO645', NULL, NULL, '2020-05-21 10:56:00', '0000-00-00 00:00:00', 0, NULL),
(14, 14, 'Pemilik Kendaraan 14', '87654334', 'Pemilik Kendaraan 14', 163, 'D 1235 ZD', '42364887', '423797', 'Merk Kendaraan', 'Hitam', 'R4', 'Solar', 'Penumpang', 'Kuning', 'Model', 2016, 2013, 'KO646', NULL, NULL, '2020-05-21 10:56:00', '0000-00-00 00:00:00', 0, NULL),
(15, 15, 'Pemilik Kendaraan 15', '87654335', 'Pemilik Kendaraan 15', 164, 'D 1234 ZD', '42364888', '423798', 'Merk Kendaraan', 'Putih', 'R2', 'Bensin', 'Penumpang', 'Hitam', 'Model', 2014, 2019, 'KO647', NULL, NULL, '2020-05-21 10:56:00', '0000-00-00 00:00:00', 0, NULL),
(16, 16, 'Pemilik Kendaraan 16', '87654336', 'Pemilik Kendaraan 16', 165, 'D 1235 ZD', '42364889', '423799', 'Merk Kendaraan', 'Merah', 'R4', 'Bensin', 'Penumpang', 'Hitam', 'Model', 2013, 2014, 'KO648', NULL, NULL, '2020-05-21 10:56:00', '0000-00-00 00:00:00', 0, NULL),
(17, 17, 'Pemilik Kendaraan 17', '87654337', 'Pemilik Kendaraan 17', 166, 'D 1234 ZD', '42364890', '423800', 'Merk Kendaraan', 'Putih', 'R2', 'Bensin', 'Penumpang', 'Kuning', 'Model', 2019, 2016, 'KO649', NULL, NULL, '2020-05-21 10:56:00', '0000-00-00 00:00:00', 0, NULL),
(18, 18, 'Pemilik Kendaraan 18', '87654338', 'Pemilik Kendaraan 18', 167, 'D 1235 ZD', '42364891', '423801', 'Merk Kendaraan', 'Putih', 'R4', 'Solar', 'Penumpang', 'Merah', 'Model', 2018, 2016, 'KO650', NULL, NULL, '2020-05-21 10:56:00', '0000-00-00 00:00:00', 0, NULL),
(19, 19, 'Pemilik Kendaraan 19', '87654339', 'Pemilik Kendaraan 19', 168, 'D 1234 ZD', '42364892', '423802', 'Merk Kendaraan', 'Hitam', 'R2', 'Solar', 'Penumpang', 'Merah', 'Model', 2017, 2012, 'KO651', NULL, NULL, '2020-05-21 10:56:00', '0000-00-00 00:00:00', 0, NULL),
(20, 20, 'Pemilik Kendaraan 20', '87654340', 'Pemilik Kendaraan 20', 169, 'D 1235 ZD', '42364893', '423803', 'Merk Kendaraan', 'Merah', 'R4', 'Solar', 'Penumpang', 'Kuning', 'Model', 2015, 2018, 'KO652', NULL, NULL, '2020-05-21 10:56:00', '0000-00-00 00:00:00', 0, NULL),
(21, 21, 'Pemilik Kendaraan 21', '87654341', 'Pemilik Kendaraan 21', 170, 'D 1234 ZD', '42364894', '423804', 'Merk Kendaraan', 'Hitam', 'R4', 'Solar', 'Penumpang', 'Merah', 'Model', 2019, 2017, 'KO653', NULL, NULL, '2020-05-21 10:56:00', '0000-00-00 00:00:00', 0, NULL),
(22, 22, 'Pemilik Kendaraan 22', '87654342', 'Pemilik Kendaraan 22', 171, 'D 1235 ZD', '42364895', '423805', 'Merk Kendaraan', 'Merah', 'R4', 'Bensin', 'Penumpang', 'Merah', 'Model', 2017, 2017, 'KO654', NULL, NULL, '2020-05-21 10:56:00', '0000-00-00 00:00:00', 0, NULL),
(23, 23, 'Pemilik Kendaraan 23', '87654343', 'Pemilik Kendaraan 23', 172, 'D 1234 ZD', '42364896', '423806', 'Merk Kendaraan', 'Putih', 'R2', 'Solar', 'Penumpang', 'Kuning', 'Model', 2017, 2014, 'KO655', NULL, NULL, '2020-05-21 10:56:00', '0000-00-00 00:00:00', 0, NULL),
(24, 24, 'Pemilik Kendaraan 24', '87654344', 'Pemilik Kendaraan 24', 173, 'D 1235 ZD', '42364897', '423807', 'Merk Kendaraan', 'Merah', 'R4', 'Bensin', 'Penumpang', 'Merah', 'Model', 2015, 2016, 'KO656', NULL, NULL, '2020-05-21 10:56:00', '0000-00-00 00:00:00', 0, NULL),
(25, 25, 'Pemilik Kendaraan 25', '87654345', 'Pemilik Kendaraan 25', 174, 'D 1234 ZD', '42364898', '423808', 'Merk Kendaraan', 'Merah', 'R4', 'Bensin', 'Penumpang', 'Kuning', 'Model', 2013, 2019, 'KO657', NULL, NULL, '2020-05-21 10:56:00', '0000-00-00 00:00:00', 0, NULL),
(26, 26, 'Pemilik Kendaraan 26', '87654346', 'Pemilik Kendaraan 26', 175, 'D 1235 ZD', '42364899', '423809', 'Merk Kendaraan', 'Merah', 'R4', 'Solar', 'Penumpang', 'Merah', 'Model', 2013, 2018, 'KO658', NULL, NULL, '2020-05-21 10:56:00', '0000-00-00 00:00:00', 0, NULL),
(27, 27, 'Pemilik Kendaraan 27', '87654347', 'Pemilik Kendaraan 27', 176, 'D 1234 ZD', '42364900', '423810', 'Merk Kendaraan', 'Putih', 'R2', 'Bensin', 'Penumpang', 'Merah', 'Model', 2013, 2013, 'KO659', NULL, NULL, '2020-05-21 10:56:00', '0000-00-00 00:00:00', 0, NULL),
(28, 28, 'Pemilik Kendaraan 28', '87654348', 'Pemilik Kendaraan 28', 177, 'D 1235 ZD', '42364901', '423811', 'Merk Kendaraan', 'Putih', 'R4', 'Bensin', 'Penumpang', 'Merah', 'Model', 2015, 2014, 'KO660', NULL, NULL, '2020-05-21 10:56:00', '0000-00-00 00:00:00', 0, NULL),
(29, 29, 'Pemilik Kendaraan 29', '87654349', 'Pemilik Kendaraan 29', 178, 'D 1234 ZD', '42364902', '423812', 'Merk Kendaraan', 'Merah', 'R4', 'Bensin', 'Penumpang', 'Hitam', 'Model', 2016, 2012, 'KO661', NULL, NULL, '2020-05-21 10:56:00', '0000-00-00 00:00:00', 0, NULL),
(30, 30, 'Pemilik Kendaraan 30', '87654350', 'Pemilik Kendaraan 30', 179, 'D 1235 ZD', '42364903', '423813', 'Merk Kendaraan', 'Merah', 'R4', 'Solar', 'Penumpang', 'Merah', 'Model', 2018, 2016, 'KO662', NULL, NULL, '2020-05-21 10:56:00', '0000-00-00 00:00:00', 0, NULL),
(31, 31, 'Pemilik Kendaraan 31', '87654351', 'Pemilik Kendaraan 31', 180, 'D 1234 ZD', '42364904', '423814', 'Merk Kendaraan', 'Hitam', 'R2', 'Solar', 'Penumpang', 'Merah', 'Model', 2019, 2012, 'KO663', NULL, NULL, '2020-05-21 10:56:00', '0000-00-00 00:00:00', 0, NULL),
(32, 32, 'Pemilik Kendaraan 32', '87654352', 'Pemilik Kendaraan 32', 181, 'D 1235 ZD', '42364905', '423815', 'Merk Kendaraan', 'Merah', 'R4', 'Bensin', 'Penumpang', 'Hitam', 'Model', 2012, 2016, 'KO664', NULL, NULL, '2020-05-21 10:56:00', '0000-00-00 00:00:00', 0, NULL),
(33, 33, 'Pemilik Kendaraan 33', '87654353', 'Pemilik Kendaraan 33', 182, 'D 1234 ZD', '42364906', '423816', 'Merk Kendaraan', 'Putih', 'R2', 'Bensin', 'Penumpang', 'Kuning', 'Model', 2012, 2014, 'KO665', NULL, NULL, '2020-05-21 10:56:00', '0000-00-00 00:00:00', 0, NULL),
(34, 34, 'Pemilik Kendaraan 34', '87654354', 'Pemilik Kendaraan 34', 183, 'D 1235 ZD', '42364907', '423817', 'Merk Kendaraan', 'Putih', 'R4', 'Bensin', 'Penumpang', 'Hitam', 'Model', 2015, 2015, 'KO666', NULL, NULL, '2020-05-21 10:56:00', '0000-00-00 00:00:00', 0, NULL),
(35, 35, 'Pemilik Kendaraan 35', '87654355', 'Pemilik Kendaraan 35', 184, 'D 1234 ZD', '42364908', '423818', 'Merk Kendaraan', 'Hitam', 'R4', 'Solar', 'Penumpang', 'Kuning', 'Model', 2018, 2013, 'KO667', NULL, NULL, '2020-05-21 10:56:00', '0000-00-00 00:00:00', 0, NULL),
(36, 36, 'Pemilik Kendaraan 36', '87654356', 'Pemilik Kendaraan 36', 185, 'D 1235 ZD', '42364909', '423819', 'Merk Kendaraan', 'Putih', 'R2', 'Bensin', 'Penumpang', 'Hitam', 'Model', 2012, 2014, 'KO668', NULL, NULL, '2020-05-21 10:56:00', '0000-00-00 00:00:00', 0, NULL),
(37, 37, 'Pemilik Kendaraan 37', '87654357', 'Pemilik Kendaraan 37', 186, 'D 1234 ZD', '42364910', '423820', 'Merk Kendaraan', 'Hitam', 'R4', 'Bensin', 'Penumpang', 'Kuning', 'Model', 2015, 2017, 'KO669', NULL, NULL, '2020-05-21 10:56:00', '0000-00-00 00:00:00', 0, NULL),
(38, 38, 'Pemilik Kendaraan 38', '87654358', 'Pemilik Kendaraan 38', 187, 'D 1235 ZD', '42364911', '423821', 'Merk Kendaraan', 'Merah', 'R2', 'Bensin', 'Penumpang', 'Hitam', 'Model', 2018, 2016, 'KO670', NULL, NULL, '2020-05-21 10:56:00', '0000-00-00 00:00:00', 0, NULL),
(39, 39, 'Pemilik Kendaraan 39', '87654359', 'Pemilik Kendaraan 39', 188, 'D 1234 ZD', '42364912', '423822', 'Merk Kendaraan', 'Merah', 'R4', 'Solar', 'Penumpang', 'Kuning', 'Model', 2015, 2012, 'KO671', NULL, NULL, '2020-05-21 10:56:00', '0000-00-00 00:00:00', 0, NULL),
(40, 40, 'Pemilik Kendaraan 40', '87654360', 'Pemilik Kendaraan 40', 189, 'D 1235 ZD', '42364913', '423823', 'Merk Kendaraan', 'Putih', 'R4', 'Bensin', 'Penumpang', 'Hitam', 'Model', 2017, 2016, 'KO672', NULL, NULL, '2020-05-21 10:56:00', '0000-00-00 00:00:00', 0, NULL),
(41, 41, 'Pemilik Kendaraan 41', '87654361', 'Pemilik Kendaraan 41', 190, 'D 1234 ZD', '42364914', '423824', 'Merk Kendaraan', 'Hitam', 'R2', 'Solar', 'Penumpang', 'Hitam', 'Model', 2012, 2013, 'KO673', NULL, NULL, '2020-05-21 10:56:00', '0000-00-00 00:00:00', 0, NULL),
(42, 42, 'Pemilik Kendaraan 42', '87654362', 'Pemilik Kendaraan 42', 191, 'D 1235 ZD', '42364915', '423825', 'Merk Kendaraan', 'Hitam', 'R4', 'Solar', 'Penumpang', 'Hitam', 'Model', 2014, 2017, 'KO674', NULL, NULL, '2020-05-21 10:56:00', '0000-00-00 00:00:00', 0, NULL),
(43, 43, 'Pemilik Kendaraan 43', '87654363', 'Pemilik Kendaraan 43', 192, 'D 1234 ZD', '42364916', '423826', 'Merk Kendaraan', 'Merah', 'R2', 'Solar', 'Penumpang', 'Merah', 'Model', 2015, 2013, 'KO675', NULL, NULL, '2020-05-21 10:56:00', '0000-00-00 00:00:00', 0, NULL),
(44, 44, 'Pemilik Kendaraan 44', '87654364', 'Pemilik Kendaraan 44', 193, 'D 1235 ZD', '42364917', '423827', 'Merk Kendaraan', 'Hitam', 'R4', 'Bensin', 'Penumpang', 'Hitam', 'Model', 2016, 2018, 'KO676', NULL, NULL, '2020-05-21 10:56:00', '0000-00-00 00:00:00', 0, NULL),
(45, 45, 'Pemilik Kendaraan 45', '87654365', 'Pemilik Kendaraan 45', 194, 'D 1234 ZD', '42364918', '423828', 'Merk Kendaraan', 'Putih', 'R4', 'Bensin', 'Penumpang', 'Merah', 'Model', 2012, 2014, 'KO677', NULL, NULL, '2020-05-21 10:56:00', '0000-00-00 00:00:00', 0, NULL),
(46, 46, 'Pemilik Kendaraan 46', '87654366', 'Pemilik Kendaraan 46', 195, 'D 1235 ZD', '42364919', '423829', 'Merk Kendaraan', 'Putih', 'R4', 'Bensin', 'Penumpang', 'Hitam', 'Model', 2015, 2012, 'KO678', NULL, NULL, '2020-05-21 10:56:00', '0000-00-00 00:00:00', 0, NULL),
(47, 47, 'Pemilik Kendaraan 47', '87654367', 'Pemilik Kendaraan 47', 196, 'D 1234 ZD', '42364920', '423830', 'Merk Kendaraan', 'Hitam', 'R4', 'Solar', 'Penumpang', 'Merah', 'Model', 2015, 2015, 'KO679', '-6.893361984007186', '107.55768180383643', '2020-05-21 10:56:00', '2020-06-27 05:01:36', 0, NULL),
(48, 48, 'Pemilik Kendaraan 48', '87654368', 'Pemilik Kendaraan 48', 197, 'D 1235 ZD', '42364921', '423831', 'Merk Kendaraan', 'Putih', 'R4', 'Bensin', 'Penumpang', 'Hitam', 'Model', 2016, 2014, 'KO680', NULL, NULL, '2020-05-21 10:56:00', '0000-00-00 00:00:00', 0, NULL),
(49, 49, 'Pemilik Kendaraan 49', '87654369', 'Pemilik Kendaraan 49', 198, 'D 1234 ZD', '42364922', '423832', 'Merk Kendaraan', 'Merah', 'R4', 'Bensin', 'Penumpang', 'Merah', 'Model', 2016, 2016, 'KO681', NULL, NULL, '2020-05-21 10:56:00', '0000-00-00 00:00:00', 0, NULL),
(50, 50, 'Pemilik Kendaraan 50', '87654370', 'Pemilik Kendaraan 50', 199, 'D 1235 ZD', '42364923', '423833', 'Merk Kendaraan', 'Hitam', 'R4', 'Solar', 'Penumpang', 'Kuning', 'Model', 2016, 2017, 'KO682', NULL, NULL, '2020-05-21 10:56:00', '0000-00-00 00:00:00', 0, NULL),
(51, 51, 'Pemilik Kendaraan 51', '87654371', 'Pemilik Kendaraan 51', 200, 'D 1234 ZD', '42364924', '423834', 'Merk Kendaraan', 'Merah', 'R2', 'Solar', 'Penumpang', 'Hitam', 'Model', 2014, 2015, 'KO683', NULL, NULL, '2020-05-21 10:56:00', '0000-00-00 00:00:00', 0, NULL),
(52, 52, 'Pemilik Kendaraan 52', '87654372', 'Pemilik Kendaraan 52', 201, 'D 1235 ZD', '42364925', '423835', 'Merk Kendaraan', 'Hitam', 'R2', 'Solar', 'Penumpang', 'Hitam', 'Model', 2016, 2019, 'KO684', NULL, NULL, '2020-05-21 10:56:00', '0000-00-00 00:00:00', 0, NULL),
(53, 53, 'Pemilik Kendaraan 53', '87654373', 'Pemilik Kendaraan 53', 202, 'D 1234 ZD', '42364926', '423836', 'Merk Kendaraan', 'Putih', 'R2', 'Solar', 'Penumpang', 'Kuning', 'Model', 2013, 2016, 'KO685', NULL, NULL, '2020-05-21 10:56:00', '0000-00-00 00:00:00', 0, NULL),
(54, 54, 'Pemilik Kendaraan 54', '87654374', 'Pemilik Kendaraan 54', 203, 'D 1235 ZD', '42364927', '423837', 'Merk Kendaraan', 'Hitam', 'R2', 'Bensin', 'Penumpang', 'Kuning', 'Model', 2013, 2013, 'KO686', NULL, NULL, '2020-05-21 10:56:00', '0000-00-00 00:00:00', 0, NULL),
(55, 55, 'Pemilik Kendaraan 55', '87654375', 'Pemilik Kendaraan 55', 204, 'D 1234 ZD', '42364928', '423838', 'Merk Kendaraan', 'Hitam', 'R4', 'Solar', 'Penumpang', 'Merah', 'Model', 2016, 2014, 'KO687', NULL, NULL, '2020-05-21 10:56:00', '0000-00-00 00:00:00', 0, NULL),
(56, 56, 'Pemilik Kendaraan 56', '87654376', 'Pemilik Kendaraan 56', 205, 'D 1235 ZD', '42364929', '423839', 'Merk Kendaraan', 'Hitam', 'R2', 'Solar', 'Penumpang', 'Merah', 'Model', 2014, 2012, 'KO688', NULL, NULL, '2020-05-21 10:56:00', '0000-00-00 00:00:00', 0, NULL),
(57, 57, 'Pemilik Kendaraan 57', '87654377', 'Pemilik Kendaraan 57', 206, 'D 1234 ZD', '42364930', '423840', 'Merk Kendaraan', 'Merah', 'R4', 'Solar', 'Penumpang', 'Hitam', 'Model', 2017, 2014, 'KO689', NULL, NULL, '2020-05-21 10:56:00', '0000-00-00 00:00:00', 0, NULL),
(58, 58, 'Pemilik Kendaraan 58', '87654378', 'Pemilik Kendaraan 58', 207, 'D 1235 ZD', '42364931', '423841', 'Merk Kendaraan', 'Putih', 'R2', 'Solar', 'Penumpang', 'Merah', 'Model', 2019, 2013, 'KO690', NULL, NULL, '2020-05-21 10:56:00', '0000-00-00 00:00:00', 0, NULL),
(59, 59, 'Pemilik Kendaraan 59', '87654379', 'Pemilik Kendaraan 59', 208, 'D 1234 ZD', '42364932', '423842', 'Merk Kendaraan', 'Merah', 'R2', 'Solar', 'Penumpang', 'Hitam', 'Model', 2014, 2019, 'KO691', NULL, NULL, '2020-05-21 10:56:00', '0000-00-00 00:00:00', 0, NULL),
(60, 60, 'Pemilik Kendaraan 60', '87654380', 'Pemilik Kendaraan 60', 209, 'D 1235 ZD', '42364933', '423843', 'Merk Kendaraan', 'Hitam', 'R4', 'Solar', 'Penumpang', 'Merah', 'Model', 2016, 2019, 'KO692', NULL, NULL, '2020-05-21 10:56:00', '0000-00-00 00:00:00', 0, NULL),
(61, 61, 'Pemilik Kendaraan 61', '87654381', 'Pemilik Kendaraan 61', 210, 'D 1234 ZD', '42364934', '423844', 'Merk Kendaraan', 'Putih', 'R2', 'Bensin', 'Penumpang', 'Hitam', 'Model', 2016, 2012, 'KO693', NULL, NULL, '2020-05-21 10:56:00', '0000-00-00 00:00:00', 0, NULL),
(62, 62, 'Pemilik Kendaraan 62', '87654382', 'Pemilik Kendaraan 62', 211, 'D 1235 ZD', '42364935', '423845', 'Merk Kendaraan', 'Merah', 'R4', 'Solar', 'Penumpang', 'Kuning', 'Model', 2014, 2016, 'KO694', NULL, NULL, '2020-05-21 10:56:00', '0000-00-00 00:00:00', 0, NULL),
(63, 63, 'Pemilik Kendaraan 63', '87654383', 'Pemilik Kendaraan 63', 212, 'D 1234 ZD', '42364936', '423846', 'Merk Kendaraan', 'Hitam', 'R2', 'Solar', 'Penumpang', 'Hitam', 'Model', 2015, 2019, 'KO695', NULL, NULL, '2020-05-21 10:56:00', '0000-00-00 00:00:00', 0, NULL),
(64, 64, 'Pemilik Kendaraan 64', '87654384', 'Pemilik Kendaraan 64', 213, 'D 1235 ZD', '42364937', '423847', 'Merk Kendaraan', 'Hitam', 'R4', 'Bensin', 'Penumpang', 'Kuning', 'Model', 2012, 2013, 'KO696', NULL, NULL, '2020-05-21 10:56:00', '0000-00-00 00:00:00', 0, NULL),
(65, 65, 'Pemilik Kendaraan 65', '87654385', 'Pemilik Kendaraan 65', 214, 'D 1234 ZD', '42364938', '423848', 'Merk Kendaraan', 'Hitam', 'R4', 'Bensin', 'Penumpang', 'Hitam', 'Model', 2016, 2014, 'KO697', NULL, NULL, '2020-05-21 10:56:00', '0000-00-00 00:00:00', 0, NULL),
(66, 66, 'Pemilik Kendaraan 66', '87654386', 'Pemilik Kendaraan 66', 215, 'D 1235 ZD', '42364939', '423849', 'Merk Kendaraan', 'Merah', 'R2', 'Bensin', 'Penumpang', 'Hitam', 'Model', 2015, 2019, 'KO698', NULL, NULL, '2020-05-21 10:56:00', '0000-00-00 00:00:00', 0, NULL),
(67, 67, 'Pemilik Kendaraan 67', '87654387', 'Pemilik Kendaraan 67', 216, 'D 1234 ZD', '42364940', '423850', 'Merk Kendaraan', 'Putih', 'R4', 'Bensin', 'Penumpang', 'Merah', 'Model', 2019, 2016, 'KO699', NULL, NULL, '2020-05-21 10:56:00', '0000-00-00 00:00:00', 0, NULL),
(68, 68, 'Pemilik Kendaraan 68', '87654388', 'Pemilik Kendaraan 68', 217, 'D 1235 ZD', '42364941', '423851', 'Merk Kendaraan', 'Merah', 'R2', 'Solar', 'Penumpang', 'Hitam', 'Model', 2019, 2019, 'KO700', NULL, NULL, '2020-05-21 10:56:00', '0000-00-00 00:00:00', 0, NULL),
(69, 69, 'Pemilik Kendaraan 69', '87654389', 'Pemilik Kendaraan 69', 218, 'D 1234 ZD', '42364942', '423852', 'Merk Kendaraan', 'Hitam', 'R4', 'Bensin', 'Penumpang', 'Hitam', 'Model', 2019, 2016, 'KO701', NULL, NULL, '2020-05-21 10:56:00', '0000-00-00 00:00:00', 0, NULL),
(70, 70, 'Pemilik Kendaraan 70', '87654390', 'Pemilik Kendaraan 70', 219, 'D 1235 ZD', '42364943', '423853', 'Merk Kendaraan', 'Hitam', 'R4', 'Bensin', 'Penumpang', 'Merah', 'Model', 2013, 2019, 'KO702', NULL, NULL, '2020-05-21 10:56:00', '0000-00-00 00:00:00', 0, NULL),
(71, 71, 'Pemilik Kendaraan 71', '87654391', 'Pemilik Kendaraan 71', 220, 'D 1234 ZD', '42364944', '423854', 'Merk Kendaraan', 'Putih', 'R2', 'Bensin', 'Penumpang', 'Merah', 'Model', 2013, 2019, 'KO703', NULL, NULL, '2020-05-21 10:56:00', '0000-00-00 00:00:00', 0, NULL),
(72, 72, 'Pemilik Kendaraan 72', '87654392', 'Pemilik Kendaraan 72', 221, 'D 1235 ZD', '42364945', '423855', 'Merk Kendaraan', 'Merah', 'R2', 'Bensin', 'Penumpang', 'Hitam', 'Model', 2016, 2013, 'KO704', NULL, NULL, '2020-05-21 10:56:00', '2020-11-29 03:25:22', 1, 28),
(73, 73, 'Pemilik Kendaraan 73', '87654393', 'Pemilik Kendaraan 73', 222, 'D 1234 ZD', '42364946', '423856', 'Merk Kendaraan', 'Hitam', 'R4', 'Solar', 'Penumpang', 'Merah', 'Model', 2013, 2017, 'KO705', NULL, NULL, '2020-05-21 10:56:00', '0000-00-00 00:00:00', 0, NULL),
(74, 74, 'Pemilik Kendaraan 74', '87654394', 'Pemilik Kendaraan 74', 223, 'D 1235 ZD', '42364947', '423857', 'Merk Kendaraan', 'Putih', 'R4', 'Bensin', 'Penumpang', 'Merah', 'Model', 2019, 2012, 'KO706', NULL, NULL, '2020-05-21 10:56:00', '0000-00-00 00:00:00', 0, NULL),
(75, 75, 'Pemilik Kendaraan 75', '87654395', 'Pemilik Kendaraan 75', 224, 'D 1234 ZD', '42364948', '423858', 'Merk Kendaraan', 'Hitam', 'R2', 'Bensin', 'Penumpang', 'Kuning', 'Model', 2014, 2013, 'KO707', NULL, NULL, '2020-05-21 10:56:00', '0000-00-00 00:00:00', 0, NULL),
(76, 76, 'Pemilik Kendaraan 76', '87654396', 'Pemilik Kendaraan 76', 225, 'D 1235 ZD', '42364949', '423859', 'Merk Kendaraan', 'Putih', 'R4', 'Solar', 'Penumpang', 'Merah', 'Model', 2016, 2017, 'KO708', NULL, NULL, '2020-05-21 10:56:00', '0000-00-00 00:00:00', 0, NULL),
(77, 77, 'Pemilik Kendaraan 77', '87654397', 'Pemilik Kendaraan 77', 226, 'D 1234 ZD', '42364950', '423860', 'Merk Kendaraan', 'Merah', 'R4', 'Bensin', 'Penumpang', 'Kuning', 'Model', 2013, 2018, 'KO709', NULL, NULL, '2020-05-21 10:56:00', '0000-00-00 00:00:00', 0, NULL),
(78, 78, 'Pemilik Kendaraan 78', '87654398', 'Pemilik Kendaraan 78', 227, 'D 1235 ZD', '42364951', '423861', 'Merk Kendaraan', 'Putih', 'R4', 'Bensin', 'Penumpang', 'Merah', 'Model', 2014, 2018, 'KO710', NULL, NULL, '2020-05-21 10:56:00', '0000-00-00 00:00:00', 0, NULL),
(79, 79, 'Pemilik Kendaraan 79', '87654399', 'Pemilik Kendaraan 79', 228, 'D 1234 ZD', '42364952', '423862', 'Merk Kendaraan', 'Hitam', 'R4', 'Bensin', 'Penumpang', 'Merah', 'Model', 2014, 2018, 'KO711', NULL, NULL, '2020-05-21 10:56:00', '0000-00-00 00:00:00', 0, NULL),
(80, 80, 'Pemilik Kendaraan 80', '87654400', 'Pemilik Kendaraan 80', 229, 'D 1235 ZD', '42364953', '423863', 'Merk Kendaraan', 'Putih', 'R4', 'Bensin', 'Penumpang', 'Merah', 'Model', 2018, 2015, 'KO712', NULL, NULL, '2020-05-21 10:56:00', '0000-00-00 00:00:00', 0, NULL),
(81, 81, 'Pemilik Kendaraan 81', '87654401', 'Pemilik Kendaraan 81', 230, 'D 1234 ZD', '42364954', '423864', 'Merk Kendaraan', 'Hitam', 'R4', 'Solar', 'Penumpang', 'Merah', 'Model', 2015, 2016, 'KO713', NULL, NULL, '2020-05-21 10:56:00', '0000-00-00 00:00:00', 0, NULL),
(82, 82, 'Pemilik Kendaraan 82', '87654402', 'Pemilik Kendaraan 82', 231, 'D 1235 ZD', '42364955', '423865', 'Merk Kendaraan', 'Merah', 'R4', 'Bensin', 'Penumpang', 'Merah', 'Model', 2017, 2012, 'KO714', NULL, NULL, '2020-05-21 10:56:00', '0000-00-00 00:00:00', 0, NULL),
(83, 83, 'Pemilik Kendaraan 83', '87654403', 'Pemilik Kendaraan 83', 232, 'D 1234 ZD', '42364956', '423866', 'Merk Kendaraan', 'Hitam', 'R2', 'Bensin', 'Penumpang', 'Hitam', 'Model', 2019, 2013, 'KO715', NULL, NULL, '2020-05-21 10:56:00', '0000-00-00 00:00:00', 0, NULL),
(84, 84, 'Pemilik Kendaraan 84', '87654404', 'Pemilik Kendaraan 84', 233, 'D 1235 ZD', '42364957', '423867', 'Merk Kendaraan', 'Merah', 'R4', 'Solar', 'Penumpang', 'Hitam', 'Model', 2018, 2017, 'KO716', NULL, NULL, '2020-05-21 10:56:00', '0000-00-00 00:00:00', 0, NULL),
(85, 85, 'Pemilik Kendaraan 85', '87654405', 'Pemilik Kendaraan 85', 234, 'D 1234 ZD', '42364958', '423868', 'Merk Kendaraan', 'Hitam', 'R2', 'Bensin', 'Penumpang', 'Hitam', 'Model', 2015, 2013, 'KO717', NULL, NULL, '2020-05-21 10:56:00', '0000-00-00 00:00:00', 0, NULL),
(86, 86, 'Pemilik Kendaraan 86', '87654406', 'Pemilik Kendaraan 86', 235, 'D 1235 ZD', '42364959', '423869', 'Merk Kendaraan', 'Hitam', 'R4', 'Bensin', 'Penumpang', 'Merah', 'Model', 2015, 2014, 'KO718', NULL, NULL, '2020-05-21 10:56:00', '0000-00-00 00:00:00', 0, NULL),
(87, 87, 'Pemilik Kendaraan 87', '87654407', 'Pemilik Kendaraan 87', 236, 'D 1234 ZD', '42364960', '423870', 'Merk Kendaraan', 'Hitam', 'R4', 'Solar', 'Penumpang', 'Hitam', 'Model', 2019, 2012, 'KO719', NULL, NULL, '2020-05-21 10:56:00', '0000-00-00 00:00:00', 0, NULL),
(88, 88, 'Pemilik Kendaraan 88', '87654408', 'Pemilik Kendaraan 88', 237, 'D 1235 ZD', '42364961', '423871', 'Merk Kendaraan', 'Hitam', 'R4', 'Bensin', 'Penumpang', 'Kuning', 'Model', 2017, 2016, 'KO720', NULL, NULL, '2020-05-21 10:56:00', '0000-00-00 00:00:00', 0, NULL),
(89, 89, 'Pemilik Kendaraan 89', '87654409', 'Pemilik Kendaraan 89', 238, 'D 1234 ZD', '42364962', '423872', 'Merk Kendaraan', 'Putih', 'R4', 'Solar', 'Penumpang', 'Merah', 'Model', 2019, 2017, 'KO721', NULL, NULL, '2020-05-21 10:56:00', '0000-00-00 00:00:00', 0, NULL),
(90, 90, 'Pemilik Kendaraan 90', '87654410', 'Pemilik Kendaraan 90', 239, 'D 1235 ZD', '42364963', '423873', 'Merk Kendaraan', 'Merah', 'R4', 'Bensin', 'Penumpang', 'Hitam', 'Model', 2013, 2018, 'KO722', NULL, NULL, '2020-05-21 10:56:00', '0000-00-00 00:00:00', 0, NULL),
(91, 91, 'Pemilik Kendaraan 91', '87654411', 'Pemilik Kendaraan 91', 240, 'D 1234 ZD', '42364964', '423874', 'Merk Kendaraan', 'Merah', 'R4', 'Solar', 'Penumpang', 'Merah', 'Model', 2014, 2019, 'KO723', '-6.88807891967609', '107.60780692590646', '2020-05-21 10:56:00', '2020-07-05 02:42:08', 0, NULL),
(92, 92, 'Pemilik Kendaraan 92', '87654412', 'Pemilik Kendaraan 92', 241, 'D 1235 ZD', '42364965', '423875', 'Merk Kendaraan', 'Putih', 'R4', 'Bensin', 'Penumpang', 'Hitam', 'Model', 2015, 2012, 'KO724', NULL, NULL, '2020-05-21 10:56:00', '0000-00-00 00:00:00', 0, NULL),
(93, 93, 'Pemilik Kendaraan 93', '87654413', 'Pemilik Kendaraan 93', 242, 'D 1234 ZD', '42364966', '423876', 'Merk Kendaraan', 'Putih', 'R4', 'Solar', 'Penumpang', 'Kuning', 'Model', 2018, 2016, 'KO725', NULL, NULL, '2020-05-21 10:56:00', '0000-00-00 00:00:00', 0, NULL),
(94, 94, 'Pemilik Kendaraan 94', '87654414', 'Pemilik Kendaraan 94', 243, 'D 1235 ZD', '42364967', '423877', 'Merk Kendaraan', 'Hitam', 'R4', 'Bensin', 'Penumpang', 'Hitam', 'Model', 2017, 2013, 'KO726', NULL, NULL, '2020-05-21 10:56:00', '0000-00-00 00:00:00', 0, NULL),
(95, 95, 'Pemilik Kendaraan 95', '87654415', 'Pemilik Kendaraan 95', 244, 'D 1234 ZD', '42364968', '423878', 'Merk Kendaraan', 'Putih', 'R4', 'Bensin', 'Penumpang', 'Merah', 'Model', 2019, 2013, 'KO727', NULL, NULL, '2020-05-21 10:56:00', '0000-00-00 00:00:00', 0, NULL),
(96, 96, 'Pemilik Kendaraan 96', '87654416', 'Pemilik Kendaraan 96', 245, 'D 1235 ZD', '42364969', '423879', 'Merk Kendaraan', 'Putih', 'R4', 'Solar', 'Penumpang', 'Kuning', 'Model', 2013, 2018, 'KO728', NULL, NULL, '2020-05-21 10:56:00', '0000-00-00 00:00:00', 0, NULL),
(97, 97, 'Pemilik Kendaraan 97', '87654417', 'Pemilik Kendaraan 97', 246, 'D 1234 ZD', '42364970', '423880', 'Merk Kendaraan', 'Putih', 'R2', 'Solar', 'Penumpang', 'Hitam', 'Model', 2017, 2012, 'KO729', NULL, NULL, '2020-05-21 10:56:00', '0000-00-00 00:00:00', 0, NULL),
(98, 98, 'Pemilik Kendaraan 98', '87654418', 'Pemilik Kendaraan 98', 247, 'D 1235 ZD', '42364971', '423881', 'Merk Kendaraan', 'Hitam', 'R2', 'Bensin', 'Penumpang', 'Hitam', 'Model', 2014, 2016, 'KO730', NULL, NULL, '2020-05-21 10:56:00', '0000-00-00 00:00:00', 0, NULL),
(99, 99, 'Pemilik Kendaraan 99', '87654419', 'Pemilik Kendaraan 99', 248, 'D 1234 ZD', '42364972', '423882', 'Merk Kendaraan', 'Putih', 'R4', 'Solar', 'Penumpang', 'Hitam', 'Model', 2012, 2015, 'KO731', NULL, NULL, '2020-05-21 10:56:00', '0000-00-00 00:00:00', 0, NULL),
(100, 100, 'Pemilik Kendaraan 100', '87654420', 'Pemilik Kendaraan 100', 249, 'D 1235 ZD', '42364973', '423883', 'Merk Kendaraan', 'Putih', 'R4', 'Bensin', 'Penumpang', 'Kuning', 'Model', 2016, 2016, 'KO732', NULL, NULL, '2020-05-21 10:56:00', '0000-00-00 00:00:00', 0, NULL),
(101, 101, 'Pemilik Kendaraan 101', '87654421', 'Pemilik Kendaraan 101', 250, 'D 1234 ZD', '42364974', '423884', 'Merk Kendaraan', 'Hitam', 'R4', 'Solar', 'Penumpang', 'Hitam', 'Model', 2012, 2013, 'KO733', NULL, NULL, '2020-05-21 10:56:00', '0000-00-00 00:00:00', 0, NULL),
(102, 102, 'Pemilik Kendaraan 102', '87654422', 'Pemilik Kendaraan 102', 251, 'D 1235 ZD', '42364975', '423885', 'Merk Kendaraan', 'Merah', 'R2', 'Solar', 'Penumpang', 'Hitam', 'Model', 2017, 2016, 'KO734', NULL, NULL, '2020-05-21 10:56:00', '0000-00-00 00:00:00', 0, NULL),
(103, 103, 'Pemilik Kendaraan 103', '87654423', 'Pemilik Kendaraan 103', 252, 'D 1234 ZD', '42364976', '423886', 'Merk Kendaraan', 'Merah', 'R4', 'Solar', 'Penumpang', 'Hitam', 'Model', 2016, 2014, 'KO735', NULL, NULL, '2020-05-21 10:56:00', '0000-00-00 00:00:00', 0, NULL),
(104, 104, 'Pemilik Kendaraan 104', '87654424', 'Pemilik Kendaraan 104', 253, 'D 1235 ZD', '42364977', '423887', 'Merk Kendaraan', 'Merah', 'R2', 'Bensin', 'Penumpang', 'Kuning', 'Model', 2018, 2019, 'KO736', NULL, NULL, '2020-05-21 10:56:00', '0000-00-00 00:00:00', 0, NULL),
(105, 105, 'Pemilik Kendaraan 105', '87654425', 'Pemilik Kendaraan 105', 254, 'D 1234 ZD', '42364978', '423888', 'Merk Kendaraan', 'Merah', 'R4', 'Solar', 'Penumpang', 'Merah', 'Model', 2012, 2016, 'KO737', NULL, NULL, '2020-05-21 10:56:00', '0000-00-00 00:00:00', 0, NULL),
(106, 106, 'Pemilik Kendaraan 106', '87654426', 'Pemilik Kendaraan 106', 255, 'D 1235 ZD', '42364979', '423889', 'Merk Kendaraan', 'Merah', 'R2', 'Solar', 'Penumpang', 'Merah', 'Model', 2016, 2014, 'KO738', NULL, NULL, '2020-05-21 10:56:00', '0000-00-00 00:00:00', 0, NULL),
(107, 107, 'Pemilik Kendaraan 107', '87654427', 'Pemilik Kendaraan 107', 256, 'D 1234 ZD', '42364980', '423890', 'Merk Kendaraan', 'Putih', 'R4', 'Bensin', 'Penumpang', 'Hitam', 'Model', 2019, 2019, 'KO739', NULL, NULL, '2020-05-21 10:56:00', '0000-00-00 00:00:00', 0, NULL),
(108, 108, 'Pemilik Kendaraan 108', '87654428', 'Pemilik Kendaraan 108', 257, 'D 1235 ZD', '42364981', '423891', 'Merk Kendaraan', 'Hitam', 'R2', 'Solar', 'Penumpang', 'Merah', 'Model', 2012, 2017, 'KO740', NULL, NULL, '2020-05-21 10:56:00', '0000-00-00 00:00:00', 0, NULL),
(109, 109, 'Pemilik Kendaraan 109', '87654429', 'Pemilik Kendaraan 109', 258, 'D 1234 ZD', '42364982', '423892', 'Merk Kendaraan', 'Putih', 'R4', 'Solar', 'Penumpang', 'Kuning', 'Model', 2016, 2013, 'KO741', NULL, NULL, '2020-05-21 10:56:00', '0000-00-00 00:00:00', 0, NULL),
(110, 110, 'Pemilik Kendaraan 110', '87654430', 'Pemilik Kendaraan 110', 259, 'D 1235 ZD', '42364983', '423893', 'Merk Kendaraan', 'Merah', 'R2', 'Solar', 'Penumpang', 'Kuning', 'Model', 2019, 2018, 'KO742', NULL, NULL, '2020-05-21 10:56:00', '0000-00-00 00:00:00', 0, NULL),
(111, 111, 'Pemilik Kendaraan 111', '87654431', 'Pemilik Kendaraan 111', 260, 'D 1234 ZD', '42364984', '423894', 'Merk Kendaraan', 'Putih', 'R4', 'Solar', 'Penumpang', 'Merah', 'Model', 2015, 2019, 'KO743', NULL, NULL, '2020-05-21 10:56:00', '0000-00-00 00:00:00', 0, NULL),
(112, 112, 'Pemilik Kendaraan 112', '87654432', 'Pemilik Kendaraan 112', 261, 'D 1235 ZD', '42364985', '423895', 'Merk Kendaraan', 'Hitam', 'R2', 'Solar', 'Penumpang', 'Hitam', 'Model', 2019, 2018, 'KO744', NULL, NULL, '2020-05-21 10:56:00', '0000-00-00 00:00:00', 0, NULL),
(113, 113, 'Pemilik Kendaraan 113', '87654433', 'Pemilik Kendaraan 113', 262, 'D 1234 ZD', '42364986', '423896', 'Merk Kendaraan', 'Merah', 'R2', 'Solar', 'Penumpang', 'Kuning', 'Model', 2014, 2014, 'KO745', NULL, NULL, '2020-05-21 10:56:00', '0000-00-00 00:00:00', 0, NULL),
(114, 114, 'Pemilik Kendaraan 114', '87654434', 'Pemilik Kendaraan 114', 263, 'D 1235 ZD', '42364987', '423897', 'Merk Kendaraan', 'Merah', 'R4', 'Bensin', 'Penumpang', 'Kuning', 'Model', 2017, 2015, 'KO746', NULL, NULL, '2020-05-21 10:56:00', '0000-00-00 00:00:00', 0, NULL),
(115, 115, 'Pemilik Kendaraan 115', '87654435', 'Pemilik Kendaraan 115', 264, 'D 1234 ZD', '42364988', '423898', 'Merk Kendaraan', 'Merah', 'R2', 'Solar', 'Penumpang', 'Kuning', 'Model', 2013, 2014, 'KO747', NULL, NULL, '2020-05-21 10:56:00', '0000-00-00 00:00:00', 0, NULL),
(116, 116, 'Pemilik Kendaraan 116', '87654436', 'Pemilik Kendaraan 116', 265, 'D 1235 ZD', '42364989', '423899', 'Merk Kendaraan', 'Merah', 'R2', 'Bensin', 'Penumpang', 'Kuning', 'Model', 2012, 2017, 'KO748', NULL, NULL, '2020-05-21 10:56:00', '0000-00-00 00:00:00', 0, NULL),
(117, 117, 'Pemilik Kendaraan 117', '87654437', 'Pemilik Kendaraan 117', 266, 'D 1234 ZD', '42364990', '423900', 'Merk Kendaraan', 'Hitam', 'R2', 'Bensin', 'Penumpang', 'Hitam', 'Model', 2017, 2012, 'KO749', NULL, NULL, '2020-05-21 10:56:00', '0000-00-00 00:00:00', 0, NULL),
(118, 118, 'Pemilik Kendaraan 118', '87654438', 'Pemilik Kendaraan 118', 267, 'D 1235 ZD', '42364991', '423901', 'Merk Kendaraan', 'Hitam', 'R4', 'Solar', 'Penumpang', 'Kuning', 'Model', 2016, 2017, 'KO750', NULL, NULL, '2020-05-21 10:56:00', '0000-00-00 00:00:00', 0, NULL),
(119, 119, 'Pemilik Kendaraan 119', '87654439', 'Pemilik Kendaraan 119', 268, 'D 1234 ZD', '42364992', '423902', 'Merk Kendaraan', 'Hitam', 'R2', 'Solar', 'Penumpang', 'Hitam', 'Model', 2017, 2016, 'KO751', NULL, NULL, '2020-05-21 10:56:00', '0000-00-00 00:00:00', 0, NULL),
(120, 120, 'Pemilik Kendaraan 120', '87654440', 'Pemilik Kendaraan 120', 269, 'D 1235 ZD', '42364993', '423903', 'Merk Kendaraan', 'Putih', 'R4', 'Bensin', 'Penumpang', 'Hitam', 'Model', 2019, 2012, 'KO752', NULL, NULL, '2020-05-21 10:56:00', '0000-00-00 00:00:00', 0, NULL),
(121, 121, 'Pemilik Kendaraan 121', '87654441', 'Pemilik Kendaraan 121', 270, 'D 1234 ZD', '42364994', '423904', 'Merk Kendaraan', 'Putih', 'R4', 'Solar', 'Penumpang', 'Merah', 'Model', 2018, 2016, 'KO753', NULL, NULL, '2020-05-21 10:56:00', '0000-00-00 00:00:00', 0, NULL),
(122, 122, 'Pemilik Kendaraan 122', '87654442', 'Pemilik Kendaraan 122', 271, 'D 1235 ZD', '42364995', '423905', 'Merk Kendaraan', 'Putih', 'R4', 'Bensin', 'Penumpang', 'Kuning', 'Model', 2018, 2017, 'KO754', NULL, NULL, '2020-05-21 10:56:00', '0000-00-00 00:00:00', 0, NULL),
(123, 123, 'Pemilik Kendaraan 123', '87654443', 'Pemilik Kendaraan 123', 272, 'D 1234 ZD', '42364996', '423906', 'Merk Kendaraan', 'Putih', 'R2', 'Solar', 'Penumpang', 'Kuning', 'Model', 2012, 2017, 'KO755', NULL, NULL, '2020-05-21 10:56:00', '0000-00-00 00:00:00', 0, NULL),
(124, 124, 'Pemilik Kendaraan 124', '87654444', 'Pemilik Kendaraan 124', 273, 'D 1235 ZD', '42364997', '423907', 'Merk Kendaraan', 'Merah', 'R2', 'Solar', 'Penumpang', 'Kuning', 'Model', 2013, 2015, 'KO756', NULL, NULL, '2020-05-21 10:56:00', '0000-00-00 00:00:00', 0, NULL),
(125, 125, 'Pemilik Kendaraan 125', '87654445', 'Pemilik Kendaraan 125', 274, 'D 1234 ZD', '42364998', '423908', 'Merk Kendaraan', 'Hitam', 'R2', 'Bensin', 'Penumpang', 'Kuning', 'Model', 2018, 2018, 'KO757', NULL, NULL, '2020-05-21 10:56:00', '0000-00-00 00:00:00', 0, NULL),
(126, 126, 'Pemilik Kendaraan 126', '87654446', 'Pemilik Kendaraan 126', 275, 'D 1235 ZD', '42364999', '423909', 'Merk Kendaraan', 'Merah', 'R4', 'Solar', 'Penumpang', 'Kuning', 'Model', 2014, 2018, 'KO758', NULL, NULL, '2020-05-21 10:56:00', '0000-00-00 00:00:00', 0, NULL),
(127, 127, 'Pemilik Kendaraan 127', '87654447', 'Pemilik Kendaraan 127', 276, 'D 1234 ZD', '42365000', '423910', 'Merk Kendaraan', 'Putih', 'R2', 'Bensin', 'Penumpang', 'Kuning', 'Model', 2019, 2014, 'KO759', NULL, NULL, '2020-05-21 10:56:00', '0000-00-00 00:00:00', 0, NULL),
(128, 128, 'Pemilik Kendaraan 128', '87654448', 'Pemilik Kendaraan 128', 277, 'D 1235 ZD', '42365001', '423911', 'Merk Kendaraan', 'Putih', 'R4', 'Bensin', 'Penumpang', 'Kuning', 'Model', 2018, 2019, 'KO760', NULL, NULL, '2020-05-21 10:56:00', '0000-00-00 00:00:00', 0, NULL),
(129, 129, 'Pemilik Kendaraan 129', '87654449', 'Pemilik Kendaraan 129', 278, 'D 1234 ZD', '42365002', '423912', 'Merk Kendaraan', 'Putih', 'R4', 'Solar', 'Penumpang', 'Merah', 'Model', 2018, 2013, 'KO761', NULL, NULL, '2020-05-21 10:56:00', '0000-00-00 00:00:00', 0, NULL),
(130, 130, 'Pemilik Kendaraan 130', '87654450', 'Pemilik Kendaraan 130', 279, 'D 1235 ZD', '42365003', '423913', 'Merk Kendaraan', 'Putih', 'R4', 'Solar', 'Penumpang', 'Merah', 'Model', 2018, 2017, 'KO762', NULL, NULL, '2020-05-21 10:56:00', '0000-00-00 00:00:00', 0, NULL),
(131, 131, 'Pemilik Kendaraan 131', '87654451', 'Pemilik Kendaraan 131', 280, 'D 1234 ZD', '42365004', '423914', 'Merk Kendaraan', 'Putih', 'R2', 'Solar', 'Penumpang', 'Merah', 'Model', 2016, 2019, 'KO763', NULL, NULL, '2020-05-21 10:56:00', '0000-00-00 00:00:00', 0, NULL),
(132, 132, 'Pemilik Kendaraan 132', '87654452', 'Pemilik Kendaraan 132', 281, 'D 1235 ZD', '42365005', '423915', 'Merk Kendaraan', 'Hitam', 'R2', 'Bensin', 'Penumpang', 'Merah', 'Model', 2016, 2019, 'KO764', NULL, NULL, '2020-05-21 10:56:00', '0000-00-00 00:00:00', 0, NULL),
(133, 133, 'Pemilik Kendaraan 133', '87654453', 'Pemilik Kendaraan 133', 282, 'D 1234 ZD', '42365006', '423916', 'Merk Kendaraan', 'Merah', 'R4', 'Solar', 'Penumpang', 'Merah', 'Model', 2016, 2015, 'KO765', NULL, NULL, '2020-05-21 10:56:00', '0000-00-00 00:00:00', 0, NULL),
(134, 134, 'Pemilik Kendaraan 134', '87654454', 'Pemilik Kendaraan 134', 283, 'D 1235 ZD', '42365007', '423917', 'Merk Kendaraan', 'Hitam', 'R4', 'Bensin', 'Penumpang', 'Hitam', 'Model', 2013, 2016, 'KO766', NULL, NULL, '2020-05-21 10:56:00', '0000-00-00 00:00:00', 0, NULL),
(135, 135, 'Pemilik Kendaraan 135', '87654455', 'Pemilik Kendaraan 135', 284, 'D 1234 ZD', '42365008', '423918', 'Merk Kendaraan', 'Hitam', 'R2', 'Bensin', 'Penumpang', 'Kuning', 'Model', 2018, 2012, 'KO767', NULL, NULL, '2020-05-21 10:56:00', '0000-00-00 00:00:00', 0, NULL),
(136, 136, 'Pemilik Kendaraan 136', '87654456', 'Pemilik Kendaraan 136', 285, 'D 1235 ZD', '42365009', '423919', 'Merk Kendaraan', 'Hitam', 'R2', 'Solar', 'Penumpang', 'Kuning', 'Model', 2019, 2013, 'KO768', NULL, NULL, '2020-05-21 10:56:00', '0000-00-00 00:00:00', 0, NULL),
(137, 137, 'Pemilik Kendaraan 137', '87654457', 'Pemilik Kendaraan 137', 286, 'D 1234 ZD', '42365010', '423920', 'Merk Kendaraan', 'Putih', 'R4', 'Solar', 'Penumpang', 'Merah', 'Model', 2014, 2019, 'KO769', NULL, NULL, '2020-05-21 10:56:00', '0000-00-00 00:00:00', 0, NULL),
(138, 138, 'Pemilik Kendaraan 138', '87654458', 'Pemilik Kendaraan 138', 287, 'D 1235 ZD', '42365011', '423921', 'Merk Kendaraan', 'Merah', 'R4', 'Bensin', 'Penumpang', 'Hitam', 'Model', 2012, 2018, 'KO770', NULL, NULL, '2020-05-21 10:56:00', '0000-00-00 00:00:00', 0, NULL),
(139, 139, 'Pemilik Kendaraan 139', '87654459', 'Pemilik Kendaraan 139', 288, 'D 1234 ZD', '42365012', '423922', 'Merk Kendaraan', 'Merah', 'R4', 'Solar', 'Penumpang', 'Kuning', 'Model', 2016, 2014, 'KO771', NULL, NULL, '2020-05-21 10:56:00', '0000-00-00 00:00:00', 0, NULL),
(140, 140, 'Pemilik Kendaraan 140', '87654460', 'Pemilik Kendaraan 140', 289, 'D 1235 ZD', '42365013', '423923', 'Merk Kendaraan', 'Merah', 'R2', 'Bensin', 'Penumpang', 'Hitam', 'Model', 2016, 2018, 'KO772', NULL, NULL, '2020-05-21 10:56:00', '0000-00-00 00:00:00', 0, NULL),
(141, 141, 'Pemilik Kendaraan 141', '87654461', 'Pemilik Kendaraan 141', 290, 'D 1234 ZD', '42365014', '423924', 'Merk Kendaraan', 'Hitam', 'R4', 'Solar', 'Penumpang', 'Hitam', 'Model', 2016, 2017, 'KO773', NULL, NULL, '2020-05-21 10:56:00', '0000-00-00 00:00:00', 0, NULL),
(142, 142, 'Pemilik Kendaraan 142', '87654462', 'Pemilik Kendaraan 142', 291, 'D 1235 ZD', '42365015', '423925', 'Merk Kendaraan', 'Merah', 'R2', 'Solar', 'Penumpang', 'Merah', 'Model', 2015, 2017, 'KO774', NULL, NULL, '2020-05-21 10:56:00', '0000-00-00 00:00:00', 0, NULL),
(143, 143, 'Pemilik Kendaraan 143', '87654463', 'Pemilik Kendaraan 143', 292, 'D 1234 ZD', '42365016', '423926', 'Merk Kendaraan', 'Merah', 'R4', 'Bensin', 'Penumpang', 'Kuning', 'Model', 2018, 2016, 'KO775', NULL, NULL, '2020-05-21 10:56:00', '0000-00-00 00:00:00', 0, NULL),
(144, 144, 'Pemilik Kendaraan 144', '87654464', 'Pemilik Kendaraan 144', 293, 'D 1235 ZD', '42365017', '423927', 'Merk Kendaraan', 'Putih', 'R2', 'Bensin', 'Penumpang', 'Kuning', 'Model', 2012, 2015, 'KO776', NULL, NULL, '2020-05-21 10:56:00', '0000-00-00 00:00:00', 0, NULL),
(145, 145, 'Pemilik Kendaraan 145', '87654465', 'Pemilik Kendaraan 145', 294, 'D 1234 ZD', '42365018', '423928', 'Merk Kendaraan', 'Merah', 'R2', 'Solar', 'Penumpang', 'Kuning', 'Model', 2018, 2015, 'KO777', NULL, NULL, '2020-05-21 10:56:00', '0000-00-00 00:00:00', 0, NULL),
(146, 146, 'Pemilik Kendaraan 146', '87654466', 'Pemilik Kendaraan 146', 295, 'D 1235 ZD', '42365019', '423929', 'Merk Kendaraan', 'Merah', 'R4', 'Solar', 'Penumpang', 'Kuning', 'Model', 2018, 2017, 'KO778', NULL, NULL, '2020-05-21 10:56:00', '0000-00-00 00:00:00', 0, NULL),
(147, 147, 'Pemilik Kendaraan 147', '87654467', 'Pemilik Kendaraan 147', 296, 'D 1234 ZD', '42365020', '423930', 'Merk Kendaraan', 'Merah', 'R4', 'Bensin', 'Penumpang', 'Hitam', 'Model', 2012, 2017, 'KO779', NULL, NULL, '2020-05-21 10:56:00', '0000-00-00 00:00:00', 0, NULL),
(148, 148, 'Pemilik Kendaraan 148', '87654468', 'Pemilik Kendaraan 148', 297, 'D 1235 ZD', '42365021', '423931', 'Merk Kendaraan', 'Merah', 'R2', 'Bensin', 'Penumpang', 'Hitam', 'Model', 2016, 2019, 'KO780', NULL, NULL, '2020-05-21 10:56:00', '0000-00-00 00:00:00', 0, NULL),
(149, 149, 'Pemilik Kendaraan 149', '87654469', 'Pemilik Kendaraan 149', 298, 'D 1234 ZD', '42365022', '423932', 'Merk Kendaraan', 'Putih', 'R2', 'Bensin', 'Penumpang', 'Hitam', 'Model', 2014, 2014, 'KO781', NULL, NULL, '2020-05-21 10:56:00', '0000-00-00 00:00:00', 0, NULL),
(150, 150, 'Pemilik Kendaraan 150', '87654470', 'Pemilik Kendaraan 150', 299, 'D 1235 ZD', '42365023', '423933', 'Merk Kendaraan', 'Merah', 'R2', 'Bensin', 'Penumpang', 'Kuning', 'Model', 2019, 2018, 'KO782', NULL, NULL, '2020-05-21 10:56:00', '0000-00-00 00:00:00', 0, NULL),
(151, 151, 'Pemilik Kendaraan 151', '87654471', 'Pemilik Kendaraan 151', 300, 'D 1234 ZD', '42365024', '423934', 'Merk Kendaraan', 'Hitam', 'R4', 'Solar', 'Penumpang', 'Merah', 'Model', 2016, 2017, 'KO783', NULL, NULL, '2020-05-21 10:56:00', '0000-00-00 00:00:00', 0, NULL),
(152, 152, 'Pemilik Kendaraan 152', '87654472', 'Pemilik Kendaraan 152', 301, 'D 1235 ZD', '42365025', '423935', 'Merk Kendaraan', 'Merah', 'R2', 'Solar', 'Penumpang', 'Kuning', 'Model', 2013, 2012, 'KO784', NULL, NULL, '2020-05-21 10:56:00', '0000-00-00 00:00:00', 0, NULL),
(153, 153, 'Pemilik Kendaraan 153', '87654473', 'Pemilik Kendaraan 153', 302, 'D 1234 ZD', '42365026', '423936', 'Merk Kendaraan', 'Merah', 'R4', 'Bensin', 'Penumpang', 'Hitam', 'Model', 2018, 2016, 'KO785', NULL, NULL, '2020-05-21 10:56:00', '0000-00-00 00:00:00', 0, NULL),
(154, 154, 'Pemilik Kendaraan 154', '87654474', 'Pemilik Kendaraan 154', 303, 'D 1235 ZD', '42365027', '423937', 'Merk Kendaraan', 'Hitam', 'R2', 'Solar', 'Penumpang', 'Kuning', 'Model', 2016, 2019, 'KO786', NULL, NULL, '2020-05-21 10:56:00', '0000-00-00 00:00:00', 0, NULL),
(155, 155, 'Pemilik Kendaraan 155', '87654475', 'Pemilik Kendaraan 155', 304, 'D 1234 ZD', '42365028', '423938', 'Merk Kendaraan', 'Hitam', 'R4', 'Bensin', 'Penumpang', 'Kuning', 'Model', 2018, 2012, 'KO787', NULL, NULL, '2020-05-21 10:56:00', '0000-00-00 00:00:00', 0, NULL),
(156, 156, 'Pemilik Kendaraan 156', '87654476', 'Pemilik Kendaraan 156', 305, 'D 1235 ZD', '42365029', '423939', 'Merk Kendaraan', 'Merah', 'R4', 'Solar', 'Penumpang', 'Merah', 'Model', 2015, 2015, 'KO788', NULL, NULL, '2020-05-21 10:56:00', '0000-00-00 00:00:00', 0, NULL),
(157, 157, 'Pemilik Kendaraan 157', '87654477', 'Pemilik Kendaraan 157', 306, 'D 1234 ZD', '42365030', '423940', 'Merk Kendaraan', 'Hitam', 'R4', 'Bensin', 'Penumpang', 'Kuning', 'Model', 2015, 2012, 'KO789', NULL, NULL, '2020-05-21 10:56:00', '0000-00-00 00:00:00', 0, NULL),
(158, 158, 'Pemilik Kendaraan 158', '87654478', 'Pemilik Kendaraan 158', 307, 'D 1235 ZD', '42365031', '423941', 'Merk Kendaraan', 'Putih', 'R2', 'Bensin', 'Penumpang', 'Merah', 'Model', 2017, 2013, 'KO790', NULL, NULL, '2020-05-21 10:56:00', '0000-00-00 00:00:00', 0, NULL),
(159, 159, 'Pemilik Kendaraan 159', '87654479', 'Pemilik Kendaraan 159', 308, 'D 1234 ZD', '42365032', '423942', 'Merk Kendaraan', 'Merah', 'R4', 'Bensin', 'Penumpang', 'Kuning', 'Model', 2015, 2016, 'KO791', NULL, NULL, '2020-05-21 10:56:00', '0000-00-00 00:00:00', 0, NULL),
(160, 160, 'Pemilik Kendaraan 160', '87654480', 'Pemilik Kendaraan 160', 309, 'D 1235 ZD', '42365033', '423943', 'Merk Kendaraan', 'Merah', 'R2', 'Bensin', 'Penumpang', 'Merah', 'Model', 2019, 2013, 'KO792', NULL, NULL, '2020-05-21 10:56:00', '0000-00-00 00:00:00', 0, NULL),
(161, 161, 'Pemilik Kendaraan 161', '87654481', 'Pemilik Kendaraan 161', 310, 'D 1234 ZD', '42365034', '423944', 'Merk Kendaraan', 'Putih', 'R4', 'Bensin', 'Penumpang', 'Merah', 'Model', 2018, 2018, 'KO793', NULL, NULL, '2020-05-21 10:56:00', '0000-00-00 00:00:00', 0, NULL),
(162, 162, 'Pemilik Kendaraan 162', '87654482', 'Pemilik Kendaraan 162', 311, 'D 1235 ZD', '42365035', '423945', 'Merk Kendaraan', 'Merah', 'R2', 'Solar', 'Penumpang', 'Merah', 'Model', 2015, 2015, 'KO794', NULL, NULL, '2020-05-21 10:56:00', '0000-00-00 00:00:00', 0, NULL),
(163, 163, 'Pemilik Kendaraan 163', '87654483', 'Pemilik Kendaraan 163', 312, 'D 1234 ZD', '42365036', '423946', 'Merk Kendaraan', 'Merah', 'R2', 'Solar', 'Penumpang', 'Kuning', 'Model', 2015, 2014, 'KO795', NULL, NULL, '2020-05-21 10:56:00', '0000-00-00 00:00:00', 0, NULL),
(164, 164, 'Pemilik Kendaraan 164', '87654484', 'Pemilik Kendaraan 164', 313, 'D 1235 ZD', '42365037', '423947', 'Merk Kendaraan', 'Putih', 'R4', 'Bensin', 'Penumpang', 'Hitam', 'Model', 2016, 2018, 'KO796', NULL, NULL, '2020-05-21 10:56:00', '0000-00-00 00:00:00', 0, NULL),
(165, 165, 'Pemilik Kendaraan 165', '87654485', 'Pemilik Kendaraan 165', 314, 'D 1234 ZD', '42365038', '423948', 'Merk Kendaraan', 'Hitam', 'R4', 'Solar', 'Penumpang', 'Kuning', 'Model', 2012, 2019, 'KO797', NULL, NULL, '2020-05-21 10:56:00', '0000-00-00 00:00:00', 0, NULL),
(166, 166, 'Pemilik Kendaraan 166', '87654486', 'Pemilik Kendaraan 166', 315, 'D 1235 ZD', '42365039', '423949', 'Merk Kendaraan', 'Putih', 'R4', 'Bensin', 'Penumpang', 'Merah', 'Model', 2019, 2018, 'KO798', NULL, NULL, '2020-05-21 10:56:00', '0000-00-00 00:00:00', 0, NULL),
(167, 167, 'Pemilik Kendaraan 167', '87654487', 'Pemilik Kendaraan 167', 316, 'D 1234 ZD', '42365040', '423950', 'Merk Kendaraan', 'Putih', 'R4', 'Bensin', 'Penumpang', 'Kuning', 'Model', 2014, 2017, 'KO799', NULL, NULL, '2020-05-21 10:56:00', '0000-00-00 00:00:00', 0, NULL),
(168, 168, 'Pemilik Kendaraan 168', '87654488', 'Pemilik Kendaraan 168', 317, 'D 1235 ZD', '42365041', '423951', 'Merk Kendaraan', 'Putih', 'R2', 'Solar', 'Penumpang', 'Hitam', 'Model', 2017, 2019, 'KO800', NULL, NULL, '2020-05-21 10:56:00', '0000-00-00 00:00:00', 0, NULL),
(169, 169, 'Pemilik Kendaraan 169', '87654489', 'Pemilik Kendaraan 169', 318, 'D 1234 ZD', '42365042', '423952', 'Merk Kendaraan', 'Merah', 'R4', 'Solar', 'Penumpang', 'Merah', 'Model', 2015, 2017, 'KO801', NULL, NULL, '2020-05-21 10:56:00', '0000-00-00 00:00:00', 0, NULL),
(170, 170, 'Pemilik Kendaraan 170', '87654490', 'Pemilik Kendaraan 170', 319, 'D 1235 ZD', '42365043', '423953', 'Merk Kendaraan', 'Putih', 'R2', 'Solar', 'Penumpang', 'Hitam', 'Model', 2015, 2012, 'KO802', NULL, NULL, '2020-05-21 10:56:00', '0000-00-00 00:00:00', 0, NULL),
(171, 171, 'Pemilik Kendaraan 171', '87654491', 'Pemilik Kendaraan 171', 320, 'D 1234 ZD', '42365044', '423954', 'Merk Kendaraan', 'Putih', 'R4', 'Solar', 'Penumpang', 'Kuning', 'Model', 2016, 2014, 'KO803', NULL, NULL, '2020-05-21 10:56:00', '0000-00-00 00:00:00', 0, NULL),
(172, 172, 'Pemilik Kendaraan 172', '87654492', 'Pemilik Kendaraan 172', 321, 'D 1235 ZD', '42365045', '423955', 'Merk Kendaraan', 'Putih', 'R2', 'Bensin', 'Penumpang', 'Kuning', 'Model', 2017, 2019, 'KO804', NULL, NULL, '2020-05-21 10:56:00', '0000-00-00 00:00:00', 0, NULL),
(173, 173, 'Pemilik Kendaraan 173', '87654493', 'Pemilik Kendaraan 173', 322, 'D 1234 ZD', '42365046', '423956', 'Merk Kendaraan', 'Putih', 'R2', 'Solar', 'Penumpang', 'Merah', 'Model', 2014, 2014, 'KO805', NULL, NULL, '2020-05-21 10:56:00', '0000-00-00 00:00:00', 0, NULL),
(174, 174, 'Pemilik Kendaraan 174', '87654494', 'Pemilik Kendaraan 174', 323, 'D 1235 ZD', '42365047', '423957', 'Merk Kendaraan', 'Hitam', 'R4', 'Solar', 'Penumpang', 'Hitam', 'Model', 2013, 2017, 'KO806', NULL, NULL, '2020-05-21 10:56:00', '0000-00-00 00:00:00', 0, NULL),
(175, 175, 'Pemilik Kendaraan 175', '87654495', 'Pemilik Kendaraan 175', 324, 'D 1234 ZD', '42365048', '423958', 'Merk Kendaraan', 'Putih', 'R2', 'Solar', 'Penumpang', 'Hitam', 'Model', 2018, 2017, 'KO807', NULL, NULL, '2020-05-21 10:56:00', '0000-00-00 00:00:00', 0, NULL),
(176, 176, 'Pemilik Kendaraan 176', '87654496', 'Pemilik Kendaraan 176', 325, 'D 1235 ZD', '42365049', '423959', 'Merk Kendaraan', 'Putih', 'R2', 'Solar', 'Penumpang', 'Merah', 'Model', 2019, 2019, 'KO808', NULL, NULL, '2020-05-21 10:56:00', '0000-00-00 00:00:00', 0, NULL),
(177, 177, 'Pemilik Kendaraan 177', '87654497', 'Pemilik Kendaraan 177', 326, 'D 1234 ZD', '42365050', '423960', 'Merk Kendaraan', 'Merah', 'R4', 'Solar', 'Penumpang', 'Merah', 'Model', 2015, 2014, 'KO809', NULL, NULL, '2020-05-21 10:56:00', '0000-00-00 00:00:00', 0, NULL),
(178, 178, 'Pemilik Kendaraan 178', '87654498', 'Pemilik Kendaraan 178', 327, 'D 1235 ZD', '42365051', '423961', 'Merk Kendaraan', 'Hitam', 'R2', 'Bensin', 'Penumpang', 'Hitam', 'Model', 2014, 2014, 'KO810', NULL, NULL, '2020-05-21 10:56:00', '0000-00-00 00:00:00', 0, NULL),
(179, 179, 'Pemilik Kendaraan 179', '87654499', 'Pemilik Kendaraan 179', 328, 'D 1234 ZD', '42365052', '423962', 'Merk Kendaraan', 'Merah', 'R4', 'Bensin', 'Penumpang', 'Kuning', 'Model', 2019, 2017, 'KO811', NULL, NULL, '2020-05-21 10:56:00', '0000-00-00 00:00:00', 0, NULL),
(180, 180, 'Pemilik Kendaraan 180', '87654500', 'Pemilik Kendaraan 180', 329, 'D 1235 ZD', '42365053', '423963', 'Merk Kendaraan', 'Hitam', 'R4', 'Solar', 'Penumpang', 'Kuning', 'Model', 2013, 2012, 'KO812', NULL, NULL, '2020-05-21 10:56:00', '0000-00-00 00:00:00', 0, NULL),
(181, 181, 'Pemilik Kendaraan 181', '87654501', 'Pemilik Kendaraan 181', 330, 'D 1234 ZD', '42365054', '423964', 'Merk Kendaraan', 'Hitam', 'R4', 'Bensin', 'Penumpang', 'Merah', 'Model', 2012, 2019, 'KO813', NULL, NULL, '2020-05-21 10:56:00', '0000-00-00 00:00:00', 0, NULL),
(182, 182, 'Pemilik Kendaraan 182', '87654502', 'Pemilik Kendaraan 182', 331, 'D 1235 ZD', '42365055', '423965', 'Merk Kendaraan', 'Putih', 'R2', 'Bensin', 'Penumpang', 'Merah', 'Model', 2018, 2017, 'KO814', NULL, NULL, '2020-05-21 10:56:00', '0000-00-00 00:00:00', 0, NULL);
INSERT INTO `t_lp_stnk` (`id`, `lp_id`, `nama`, `nik`, `alamat`, `isi_silinder`, `nomor_registrasi`, `nomor_rangka`, `nomor_mesin`, `merk`, `warna`, `type`, `bahan_bakar`, `jenis`, `warna_tnkb`, `model`, `tahun_registrasi`, `tahun_pembuatan`, `nomor_bpkb`, `latitude`, `longitude`, `created_at`, `updated_at`, `isFound`, `isFoundId`) VALUES
(183, 183, 'Pemilik Kendaraan 183', '87654503', 'Pemilik Kendaraan 183', 332, 'D 1234 ZD', '42365056', '423966', 'Merk Kendaraan', 'Hitam', 'R2', 'Solar', 'Penumpang', 'Kuning', 'Model', 2019, 2016, 'KO815', NULL, NULL, '2020-05-21 10:56:00', '0000-00-00 00:00:00', 0, NULL),
(184, 184, 'Pemilik Kendaraan 184', '87654504', 'Pemilik Kendaraan 184', 333, 'D 1235 ZD', '42365057', '423967', 'Merk Kendaraan', 'Hitam', 'R4', 'Solar', 'Penumpang', 'Merah', 'Model', 2017, 2016, 'KO816', NULL, NULL, '2020-05-21 10:56:00', '0000-00-00 00:00:00', 0, NULL),
(185, 185, 'Pemilik Kendaraan 185', '87654505', 'Pemilik Kendaraan 185', 334, 'D 1234 ZD', '42365058', '423968', 'Merk Kendaraan', 'Hitam', 'R4', 'Bensin', 'Penumpang', 'Hitam', 'Model', 2018, 2015, 'KO817', NULL, NULL, '2020-05-21 10:56:00', '0000-00-00 00:00:00', 0, NULL),
(186, 186, 'Pemilik Kendaraan 186', '87654506', 'Pemilik Kendaraan 186', 335, 'D 1235 ZD', '42365059', '423969', 'Merk Kendaraan', 'Putih', 'R4', 'Solar', 'Penumpang', 'Merah', 'Model', 2015, 2017, 'KO818', NULL, NULL, '2020-05-21 10:56:00', '0000-00-00 00:00:00', 0, NULL),
(187, 187, 'Pemilik Kendaraan 187', '87654507', 'Pemilik Kendaraan 187', 336, 'D 1234 ZD', '42365060', '423970', 'Merk Kendaraan', 'Putih', 'R2', 'Bensin', 'Penumpang', 'Hitam', 'Model', 2016, 2015, 'KO819', NULL, NULL, '2020-05-21 10:56:00', '0000-00-00 00:00:00', 0, NULL),
(188, 188, 'Pemilik Kendaraan 188', '87654508', 'Pemilik Kendaraan 188', 337, 'D 1235 ZD', '42365061', '423971', 'Merk Kendaraan', 'Putih', 'R2', 'Solar', 'Penumpang', 'Merah', 'Model', 2018, 2014, 'KO820', NULL, NULL, '2020-05-21 10:56:00', '0000-00-00 00:00:00', 0, NULL),
(189, 189, 'Pemilik Kendaraan 189', '87654509', 'Pemilik Kendaraan 189', 338, 'D 1234 ZD', '42365062', '423972', 'Merk Kendaraan', 'Hitam', 'R4', 'Bensin', 'Penumpang', 'Hitam', 'Model', 2014, 2015, 'KO821', NULL, NULL, '2020-05-21 10:56:00', '0000-00-00 00:00:00', 0, NULL),
(190, 190, 'Pemilik Kendaraan 190', '87654510', 'Pemilik Kendaraan 190', 339, 'D 1235 ZD', '42365063', '423973', 'Merk Kendaraan', 'Hitam', 'R2', 'Solar', 'Penumpang', 'Hitam', 'Model', 2014, 2018, 'KO822', NULL, NULL, '2020-05-21 10:56:00', '0000-00-00 00:00:00', 0, NULL),
(191, 191, 'Pemilik Kendaraan 191', '87654511', 'Pemilik Kendaraan 191', 340, 'D 1234 ZD', '42365064', '423974', 'Merk Kendaraan', 'Putih', 'R2', 'Bensin', 'Penumpang', 'Hitam', 'Model', 2015, 2012, 'KO823', NULL, NULL, '2020-05-21 10:56:00', '0000-00-00 00:00:00', 0, NULL),
(192, 192, 'Pemilik Kendaraan 192', '87654512', 'Pemilik Kendaraan 192', 341, 'D 1235 ZD', '42365065', '423975', 'Merk Kendaraan', 'Merah', 'R4', 'Bensin', 'Penumpang', 'Merah', 'Model', 2019, 2012, 'KO824', NULL, NULL, '2020-05-21 10:56:00', '0000-00-00 00:00:00', 0, NULL),
(193, 193, 'Pemilik Kendaraan 193', '87654513', 'Pemilik Kendaraan 193', 342, 'D 1234 ZD', '42365066', '423976', 'Merk Kendaraan', 'Hitam', 'R4', 'Bensin', 'Penumpang', 'Hitam', 'Model', 2014, 2019, 'KO825', NULL, NULL, '2020-05-21 10:56:00', '0000-00-00 00:00:00', 0, NULL),
(194, 194, 'Pemilik Kendaraan 194', '87654514', 'Pemilik Kendaraan 194', 343, 'D 1235 ZD', '42365067', '423977', 'Merk Kendaraan', 'Hitam', 'R4', 'Bensin', 'Penumpang', 'Merah', 'Model', 2012, 2017, 'KO826', NULL, NULL, '2020-05-21 10:56:00', '0000-00-00 00:00:00', 0, NULL),
(195, 195, 'Pemilik Kendaraan 195', '87654515', 'Pemilik Kendaraan 195', 344, 'D 1234 ZD', '42365068', '423978', 'Merk Kendaraan', 'Hitam', 'R2', 'Bensin', 'Penumpang', 'Merah', 'Model', 2017, 2014, 'KO827', NULL, NULL, '2020-05-21 10:56:00', '0000-00-00 00:00:00', 0, NULL),
(196, 196, 'Pemilik Kendaraan 196', '87654516', 'Pemilik Kendaraan 196', 345, 'D 1235 ZD', '42365069', '423979', 'Merk Kendaraan', 'Hitam', 'R2', 'Bensin', 'Penumpang', 'Kuning', 'Model', 2017, 2012, 'KO828', NULL, NULL, '2020-05-21 10:56:00', '0000-00-00 00:00:00', 0, NULL),
(197, 197, 'Pemilik Kendaraan 197', '87654517', 'Pemilik Kendaraan 197', 346, 'D 1234 ZD', '42365070', '423980', 'Merk Kendaraan', 'Merah', 'R2', 'Solar', 'Penumpang', 'Kuning', 'Model', 2013, 2018, 'KO829', NULL, NULL, '2020-05-21 10:56:00', '0000-00-00 00:00:00', 0, NULL),
(198, 198, 'Pemilik Kendaraan 198', '87654518', 'Pemilik Kendaraan 198', 347, 'D 1235 ZD', '42365071', '423981', 'Merk Kendaraan', 'Hitam', 'R4', 'Solar', 'Penumpang', 'Hitam', 'Model', 2015, 2014, 'KO830', NULL, NULL, '2020-05-21 10:56:00', '0000-00-00 00:00:00', 0, NULL),
(199, 199, 'Pemilik Kendaraan 199', '87654519', 'Pemilik Kendaraan 199', 348, 'D 1234 ZD', '42365072', '423982', 'Merk Kendaraan', 'Merah', 'R2', 'Solar', 'Penumpang', 'Kuning', 'Model', 2015, 2013, 'KO831', NULL, NULL, '2020-05-21 10:56:00', '0000-00-00 00:00:00', 0, NULL),
(200, 200, 'Pemilik Kendaraan 200', '87654520', 'Pemilik Kendaraan 200', 349, 'D 1235 ZD', '42365073', '423983', 'Merk Kendaraan', 'Merah', 'R4', 'Bensin', 'Penumpang', 'Kuning', 'Model', 2012, 2014, 'KO832', NULL, NULL, '2020-05-21 10:56:00', '0000-00-00 00:00:00', 0, NULL),
(201, 201, 'Pemilik Kendaraan 201', '87654521', 'Pemilik Kendaraan 201', 350, 'D 1234 ZD', '42365074', '423984', 'Merk Kendaraan', 'Merah', 'R4', 'Bensin', 'Penumpang', 'Kuning', 'Model', 2017, 2013, 'KO833', NULL, NULL, '2020-05-21 10:56:00', '0000-00-00 00:00:00', 0, NULL),
(202, 202, 'Pemilik Kendaraan 202', '87654522', 'Pemilik Kendaraan 202', 351, 'D 1235 ZD', '42365075', '423985', 'Merk Kendaraan', 'Hitam', 'R2', 'Bensin', 'Penumpang', 'Merah', 'Model', 2016, 2018, 'KO834', NULL, NULL, '2020-05-21 10:56:00', '0000-00-00 00:00:00', 0, NULL),
(203, 203, 'Pemilik Kendaraan 203', '87654523', 'Pemilik Kendaraan 203', 352, 'D 1234 ZD', '42365076', '423986', 'Merk Kendaraan', 'Merah', 'R2', 'Bensin', 'Penumpang', 'Merah', 'Model', 2015, 2013, 'KO835', NULL, NULL, '2020-05-21 10:56:00', '0000-00-00 00:00:00', 0, NULL),
(204, 204, 'Pemilik Kendaraan 204', '87654524', 'Pemilik Kendaraan 204', 353, 'D 1235 ZD', '42365077', '423987', 'Merk Kendaraan', 'Putih', 'R2', 'Solar', 'Penumpang', 'Hitam', 'Model', 2013, 2016, 'KO836', NULL, NULL, '2020-05-21 10:56:00', '0000-00-00 00:00:00', 0, NULL),
(205, 205, 'Pemilik Kendaraan 205', '87654525', 'Pemilik Kendaraan 205', 354, 'D 1234 ZD', '42365078', '423988', 'Merk Kendaraan', 'Merah', 'R2', 'Solar', 'Penumpang', 'Kuning', 'Model', 2012, 2012, 'KO837', NULL, NULL, '2020-05-21 10:56:00', '0000-00-00 00:00:00', 0, NULL),
(206, 206, 'Pemilik Kendaraan 206', '87654526', 'Pemilik Kendaraan 206', 355, 'D 1235 ZD', '42365079', '423989', 'Merk Kendaraan', 'Hitam', 'R2', 'Solar', 'Penumpang', 'Kuning', 'Model', 2017, 2016, 'KO838', NULL, NULL, '2020-05-21 10:56:00', '0000-00-00 00:00:00', 0, NULL),
(207, 207, 'Pemilik Kendaraan 207', '87654527', 'Pemilik Kendaraan 207', 356, 'D 1234 ZD', '42365080', '423990', 'Merk Kendaraan', 'Putih', 'R2', 'Bensin', 'Penumpang', 'Hitam', 'Model', 2012, 2017, 'KO839', NULL, NULL, '2020-05-21 10:56:00', '0000-00-00 00:00:00', 0, NULL),
(208, 208, 'Pemilik Kendaraan 208', '87654528', 'Pemilik Kendaraan 208', 357, 'D 1235 ZD', '42365081', '423991', 'Merk Kendaraan', 'Merah', 'R2', 'Solar', 'Penumpang', 'Hitam', 'Model', 2017, 2012, 'KO840', NULL, NULL, '2020-05-21 10:56:00', '0000-00-00 00:00:00', 0, NULL),
(209, 209, 'Pemilik Kendaraan 209', '87654529', 'Pemilik Kendaraan 209', 358, 'D 1234 ZD', '42365082', '423992', 'Merk Kendaraan', 'Merah', 'R2', 'Solar', 'Penumpang', 'Merah', 'Model', 2019, 2019, 'KO841', NULL, NULL, '2020-05-21 10:56:00', '0000-00-00 00:00:00', 0, NULL),
(210, 210, 'Pemilik Kendaraan 210', '87654530', 'Pemilik Kendaraan 210', 359, 'D 1235 ZD', '42365083', '423993', 'Merk Kendaraan', 'Putih', 'R2', 'Solar', 'Penumpang', 'Merah', 'Model', 2016, 2019, 'KO842', NULL, NULL, '2020-05-21 10:56:00', '0000-00-00 00:00:00', 0, NULL),
(211, 211, 'Pemilik Kendaraan 211', '87654531', 'Pemilik Kendaraan 211', 360, 'D 1234 ZD', '42365084', '423994', 'Merk Kendaraan', 'Putih', 'R2', 'Bensin', 'Penumpang', 'Merah', 'Model', 2013, 2017, 'KO843', NULL, NULL, '2020-05-21 10:56:00', '0000-00-00 00:00:00', 0, NULL),
(212, 212, 'Pemilik Kendaraan 212', '87654532', 'Pemilik Kendaraan 212', 361, 'D 1235 ZD', '42365085', '423995', 'Merk Kendaraan', 'Hitam', 'R4', 'Solar', 'Penumpang', 'Merah', 'Model', 2012, 2012, 'KO844', NULL, NULL, '2020-05-21 10:56:00', '0000-00-00 00:00:00', 0, NULL),
(213, 213, 'Pemilik Kendaraan 213', '87654533', 'Pemilik Kendaraan 213', 362, 'D 1234 ZD', '42365086', '423996', 'Merk Kendaraan', 'Hitam', 'R4', 'Solar', 'Penumpang', 'Merah', 'Model', 2013, 2017, 'KO845', NULL, NULL, '2020-05-21 10:56:00', '0000-00-00 00:00:00', 0, NULL),
(214, 214, 'Pemilik Kendaraan 214', '87654534', 'Pemilik Kendaraan 214', 363, 'D 1235 ZD', '42365087', '423997', 'Merk Kendaraan', 'Merah', 'R2', 'Bensin', 'Penumpang', 'Kuning', 'Model', 2019, 2018, 'KO846', NULL, NULL, '2020-05-21 10:56:00', '0000-00-00 00:00:00', 0, NULL),
(215, 215, 'Pemilik Kendaraan 215', '87654535', 'Pemilik Kendaraan 215', 364, 'D 1234 ZD', '42365088', '423998', 'Merk Kendaraan', 'Hitam', 'R2', 'Bensin', 'Penumpang', 'Kuning', 'Model', 2017, 2012, 'KO847', NULL, NULL, '2020-05-21 10:56:00', '0000-00-00 00:00:00', 0, NULL),
(216, 216, 'Pemilik Kendaraan 216', '87654536', 'Pemilik Kendaraan 216', 365, 'D 1235 ZD', '42365089', '423999', 'Merk Kendaraan', 'Putih', 'R2', 'Solar', 'Penumpang', 'Hitam', 'Model', 2013, 2017, 'KO848', NULL, NULL, '2020-05-21 10:56:00', '0000-00-00 00:00:00', 0, NULL),
(217, 217, 'Pemilik Kendaraan 217', '87654537', 'Pemilik Kendaraan 217', 366, 'D 1234 ZD', '42365090', '424000', 'Merk Kendaraan', 'Hitam', 'R2', 'Solar', 'Penumpang', 'Hitam', 'Model', 2015, 2018, 'KO849', NULL, NULL, '2020-05-21 10:56:00', '0000-00-00 00:00:00', 0, NULL),
(218, 218, 'Pemilik Kendaraan 218', '87654538', 'Pemilik Kendaraan 218', 367, 'D 1235 ZD', '42365091', '424001', 'Merk Kendaraan', 'Merah', 'R2', 'Solar', 'Penumpang', 'Kuning', 'Model', 2012, 2017, 'KO850', NULL, NULL, '2020-05-21 10:56:00', '0000-00-00 00:00:00', 0, NULL),
(219, 219, 'Pemilik Kendaraan 219', '87654539', 'Pemilik Kendaraan 219', 368, 'D 1234 ZD', '42365092', '424002', 'Merk Kendaraan', 'Putih', 'R2', 'Solar', 'Penumpang', 'Merah', 'Model', 2019, 2012, 'KO851', NULL, NULL, '2020-05-21 10:56:00', '0000-00-00 00:00:00', 0, NULL),
(220, 220, 'Pemilik Kendaraan 220', '87654540', 'Pemilik Kendaraan 220', 369, 'D 1235 ZD', '42365093', '424003', 'Merk Kendaraan', 'Merah', 'R2', 'Bensin', 'Penumpang', 'Hitam', 'Model', 2012, 2013, 'KO852', NULL, NULL, '2020-05-21 10:56:00', '0000-00-00 00:00:00', 0, NULL),
(221, 221, 'Pemilik Kendaraan 221', '87654541', 'Pemilik Kendaraan 221', 370, 'D 1234 ZD', '42365094', '424004', 'Merk Kendaraan', 'Putih', 'R2', 'Bensin', 'Penumpang', 'Kuning', 'Model', 2012, 2013, 'KO853', NULL, NULL, '2020-05-21 10:56:00', '0000-00-00 00:00:00', 0, NULL),
(222, 222, 'Pemilik Kendaraan 222', '87654542', 'Pemilik Kendaraan 222', 371, 'D 1235 ZD', '42365095', '424005', 'Merk Kendaraan', 'Merah', 'R2', 'Bensin', 'Penumpang', 'Kuning', 'Model', 2019, 2016, 'KO854', NULL, NULL, '2020-05-21 10:56:00', '0000-00-00 00:00:00', 0, NULL),
(223, 223, 'Pemilik Kendaraan 223', '87654543', 'Pemilik Kendaraan 223', 372, 'D 1234 ZD', '42365096', '424006', 'Merk Kendaraan', 'Putih', 'R2', 'Bensin', 'Penumpang', 'Hitam', 'Model', 2019, 2017, 'KO855', NULL, NULL, '2020-05-21 10:56:00', '0000-00-00 00:00:00', 0, NULL),
(224, 224, 'Pemilik Kendaraan 224', '87654544', 'Pemilik Kendaraan 224', 373, 'D 1235 ZD', '42365097', '424007', 'Merk Kendaraan', 'Putih', 'R4', 'Bensin', 'Penumpang', 'Merah', 'Model', 2017, 2014, 'KO856', NULL, NULL, '2020-05-21 10:56:00', '0000-00-00 00:00:00', 0, NULL),
(225, 225, 'Pemilik Kendaraan 225', '87654545', 'Pemilik Kendaraan 225', 374, 'D 1234 ZD', '42365098', '424008', 'Merk Kendaraan', 'Putih', 'R4', 'Bensin', 'Penumpang', 'Kuning', 'Model', 2015, 2014, 'KO857', NULL, NULL, '2020-05-21 10:56:00', '0000-00-00 00:00:00', 0, NULL),
(226, 226, 'Pemilik Kendaraan 226', '87654546', 'Pemilik Kendaraan 226', 375, 'D 1235 ZD', '42365099', '424009', 'Merk Kendaraan', 'Merah', 'R4', 'Solar', 'Penumpang', 'Hitam', 'Model', 2018, 2014, 'KO858', NULL, NULL, '2020-05-21 10:56:00', '0000-00-00 00:00:00', 0, NULL),
(227, 227, 'Pemilik Kendaraan 227', '87654547', 'Pemilik Kendaraan 227', 376, 'D 1234 ZD', '42365100', '424010', 'Merk Kendaraan', 'Putih', 'R2', 'Solar', 'Penumpang', 'Hitam', 'Model', 2016, 2012, 'KO859', NULL, NULL, '2020-05-21 10:56:00', '0000-00-00 00:00:00', 0, NULL),
(228, 228, 'Pemilik Kendaraan 228', '87654548', 'Pemilik Kendaraan 228', 377, 'D 1235 ZD', '42365101', '424011', 'Merk Kendaraan', 'Hitam', 'R4', 'Solar', 'Penumpang', 'Merah', 'Model', 2016, 2018, 'KO860', NULL, NULL, '2020-05-21 10:56:00', '0000-00-00 00:00:00', 0, NULL),
(229, 229, 'Pemilik Kendaraan 229', '87654549', 'Pemilik Kendaraan 229', 378, 'D 1234 ZD', '42365102', '424012', 'Merk Kendaraan', 'Hitam', 'R2', 'Bensin', 'Penumpang', 'Merah', 'Model', 2016, 2014, 'KO861', NULL, NULL, '2020-05-21 10:56:00', '0000-00-00 00:00:00', 0, NULL),
(230, 230, 'Pemilik Kendaraan 230', '87654550', 'Pemilik Kendaraan 230', 379, 'D 1235 ZD', '42365103', '424013', 'Merk Kendaraan', 'Hitam', 'R2', 'Solar', 'Penumpang', 'Hitam', 'Model', 2016, 2018, 'KO862', NULL, NULL, '2020-05-21 10:56:00', '0000-00-00 00:00:00', 0, NULL),
(231, 231, 'Pemilik Kendaraan 231', '87654551', 'Pemilik Kendaraan 231', 380, 'D 1234 ZD', '42365104', '424014', 'Merk Kendaraan', 'Putih', 'R4', 'Solar', 'Penumpang', 'Kuning', 'Model', 2019, 2015, 'KO863', NULL, NULL, '2020-05-21 10:56:00', '0000-00-00 00:00:00', 0, NULL),
(232, 232, 'Pemilik Kendaraan 232', '87654552', 'Pemilik Kendaraan 232', 381, 'D 1235 ZD', '42365105', '424015', 'Merk Kendaraan', 'Hitam', 'R4', 'Solar', 'Penumpang', 'Merah', 'Model', 2012, 2017, 'KO864', NULL, NULL, '2020-05-21 10:56:00', '0000-00-00 00:00:00', 0, NULL),
(233, 233, 'Pemilik Kendaraan 233', '87654553', 'Pemilik Kendaraan 233', 382, 'D 1234 ZD', '42365106', '424016', 'Merk Kendaraan', 'Putih', 'R2', 'Solar', 'Penumpang', 'Merah', 'Model', 2013, 2014, 'KO865', NULL, NULL, '2020-05-21 10:56:00', '0000-00-00 00:00:00', 0, NULL),
(234, 234, 'Pemilik Kendaraan 234', '87654554', 'Pemilik Kendaraan 234', 383, 'D 1235 ZD', '42365107', '424017', 'Merk Kendaraan', 'Hitam', 'R2', 'Solar', 'Penumpang', 'Kuning', 'Model', 2012, 2018, 'KO866', NULL, NULL, '2020-05-21 10:56:00', '0000-00-00 00:00:00', 0, NULL),
(235, 235, 'Pemilik Kendaraan 235', '87654555', 'Pemilik Kendaraan 235', 384, 'D 1234 ZD', '42365108', '424018', 'Merk Kendaraan', 'Putih', 'R2', 'Bensin', 'Penumpang', 'Kuning', 'Model', 2013, 2014, 'KO867', NULL, NULL, '2020-05-21 10:56:00', '0000-00-00 00:00:00', 0, NULL),
(236, 236, 'Pemilik Kendaraan 236', '87654556', 'Pemilik Kendaraan 236', 385, 'D 1235 ZD', '42365109', '424019', 'Merk Kendaraan', 'Hitam', 'R2', 'Solar', 'Penumpang', 'Hitam', 'Model', 2017, 2014, 'KO868', NULL, NULL, '2020-05-21 10:56:00', '0000-00-00 00:00:00', 0, NULL),
(237, 237, 'Pemilik Kendaraan 237', '87654557', 'Pemilik Kendaraan 237', 386, 'D 1234 ZD', '42365110', '424020', 'Merk Kendaraan', 'Merah', 'R2', 'Bensin', 'Penumpang', 'Merah', 'Model', 2013, 2012, 'KO869', NULL, NULL, '2020-05-21 10:56:00', '0000-00-00 00:00:00', 0, NULL),
(238, 238, 'Pemilik Kendaraan 238', '87654558', 'Pemilik Kendaraan 238', 387, 'D 1235 ZD', '42365111', '424021', 'Merk Kendaraan', 'Merah', 'R4', 'Solar', 'Penumpang', 'Kuning', 'Model', 2014, 2014, 'KO870', NULL, NULL, '2020-05-21 10:56:00', '0000-00-00 00:00:00', 0, NULL),
(239, 239, 'Pemilik Kendaraan 239', '87654559', 'Pemilik Kendaraan 239', 388, 'D 1234 ZD', '42365112', '424022', 'Merk Kendaraan', 'Putih', 'R2', 'Bensin', 'Penumpang', 'Hitam', 'Model', 2019, 2018, 'KO871', NULL, NULL, '2020-05-21 10:56:00', '0000-00-00 00:00:00', 0, NULL),
(240, 240, 'Pemilik Kendaraan 240', '87654560', 'Pemilik Kendaraan 240', 389, 'D 1235 ZD', '42365113', '424023', 'Merk Kendaraan', 'Hitam', 'R2', 'Bensin', 'Penumpang', 'Merah', 'Model', 2019, 2018, 'KO872', NULL, NULL, '2020-05-21 10:56:00', '0000-00-00 00:00:00', 0, NULL),
(241, 241, 'Pemilik Kendaraan 241', '87654561', 'Pemilik Kendaraan 241', 390, 'D 1234 ZD', '42365114', '424024', 'Merk Kendaraan', 'Putih', 'R2', 'Solar', 'Penumpang', 'Hitam', 'Model', 2013, 2018, 'KO873', NULL, NULL, '2020-05-21 10:56:00', '0000-00-00 00:00:00', 0, NULL),
(242, 242, 'Pemilik Kendaraan 242', '87654562', 'Pemilik Kendaraan 242', 391, 'D 1235 ZD', '42365115', '424025', 'Merk Kendaraan', 'Hitam', 'R4', 'Solar', 'Penumpang', 'Merah', 'Model', 2016, 2015, 'KO874', NULL, NULL, '2020-05-21 10:56:00', '0000-00-00 00:00:00', 0, NULL),
(243, 243, 'Pemilik Kendaraan 243', '87654563', 'Pemilik Kendaraan 243', 392, 'D 1234 ZD', '42365116', '424026', 'Merk Kendaraan', 'Hitam', 'R4', 'Bensin', 'Penumpang', 'Hitam', 'Model', 2012, 2017, 'KO875', NULL, NULL, '2020-05-21 10:56:00', '0000-00-00 00:00:00', 0, NULL),
(244, 244, 'Pemilik Kendaraan 244', '87654564', 'Pemilik Kendaraan 244', 393, 'D 1235 ZD', '42365117', '424027', 'Merk Kendaraan', 'Putih', 'R2', 'Bensin', 'Penumpang', 'Kuning', 'Model', 2014, 2013, 'KO876', NULL, NULL, '2020-05-21 10:56:00', '0000-00-00 00:00:00', 0, NULL),
(245, 245, 'Pemilik Kendaraan 245', '87654565', 'Pemilik Kendaraan 245', 394, 'D 1234 ZD', '42365118', '424028', 'Merk Kendaraan', 'Putih', 'R4', 'Solar', 'Penumpang', 'Merah', 'Model', 2014, 2012, 'KO877', NULL, NULL, '2020-05-21 10:56:00', '0000-00-00 00:00:00', 0, NULL),
(246, 246, 'Pemilik Kendaraan 246', '87654566', 'Pemilik Kendaraan 246', 395, 'D 1235 ZD', '42365119', '424029', 'Merk Kendaraan', 'Merah', 'R4', 'Bensin', 'Penumpang', 'Hitam', 'Model', 2015, 2018, 'KO878', NULL, NULL, '2020-05-21 10:56:00', '0000-00-00 00:00:00', 0, NULL),
(247, 247, 'Pemilik Kendaraan 247', '87654567', 'Pemilik Kendaraan 247', 396, 'D 1234 ZD', '42365120', '424030', 'Merk Kendaraan', 'Merah', 'R2', 'Solar', 'Penumpang', 'Hitam', 'Model', 2015, 2014, 'KO879', NULL, NULL, '2020-05-21 10:56:00', '0000-00-00 00:00:00', 0, NULL),
(248, 248, 'Pemilik Kendaraan 248', '87654568', 'Pemilik Kendaraan 248', 397, 'D 1235 ZD', '42365121', '424031', 'Merk Kendaraan', 'Merah', 'R2', 'Solar', 'Penumpang', 'Merah', 'Model', 2013, 2018, 'KO880', NULL, NULL, '2020-05-21 10:56:00', '0000-00-00 00:00:00', 0, NULL),
(249, 249, 'Pemilik Kendaraan 249', '87654569', 'Pemilik Kendaraan 249', 398, 'D 1234 ZD', '42365122', '424032', 'Merk Kendaraan', 'Hitam', 'R4', 'Solar', 'Penumpang', 'Hitam', 'Model', 2013, 2019, 'KO881', NULL, NULL, '2020-05-21 10:56:00', '0000-00-00 00:00:00', 0, NULL),
(250, 250, 'Pemilik Kendaraan 250', '87654570', 'Pemilik Kendaraan 250', 399, 'D 1235 ZD', '42365123', '424033', 'Merk Kendaraan', 'Hitam', 'R4', 'Solar', 'Penumpang', 'Kuning', 'Model', 2016, 2015, 'KO882', NULL, NULL, '2020-05-21 10:56:00', '0000-00-00 00:00:00', 0, NULL),
(251, 251, 'Pemilik Kendaraan 251', '87654571', 'Pemilik Kendaraan 251', 400, 'D 1234 ZD', '42365124', '424034', 'Merk Kendaraan', 'Putih', 'R4', 'Bensin', 'Penumpang', 'Merah', 'Model', 2014, 2016, 'KO883', NULL, NULL, '2020-05-21 10:56:00', '0000-00-00 00:00:00', 0, NULL),
(252, 252, 'Pemilik Kendaraan 252', '87654572', 'Pemilik Kendaraan 252', 401, 'D 1235 ZD', '42365125', '424035', 'Merk Kendaraan', 'Hitam', 'R2', 'Solar', 'Penumpang', 'Kuning', 'Model', 2018, 2017, 'KO884', NULL, NULL, '2020-05-21 10:56:00', '0000-00-00 00:00:00', 0, NULL),
(253, 253, 'Pemilik Kendaraan 253', '87654573', 'Pemilik Kendaraan 253', 402, 'D 1234 ZD', '42365126', '424036', 'Merk Kendaraan', 'Hitam', 'R4', 'Solar', 'Penumpang', 'Hitam', 'Model', 2019, 2018, 'KO885', NULL, NULL, '2020-05-21 10:56:00', '0000-00-00 00:00:00', 0, NULL),
(254, 254, 'Pemilik Kendaraan 254', '87654574', 'Pemilik Kendaraan 254', 403, 'D 1235 ZD', '42365127', '424037', 'Merk Kendaraan', 'Merah', 'R2', 'Bensin', 'Penumpang', 'Hitam', 'Model', 2019, 2017, 'KO886', NULL, NULL, '2020-05-21 10:56:00', '0000-00-00 00:00:00', 0, NULL),
(255, 255, 'Pemilik Kendaraan 255', '87654575', 'Pemilik Kendaraan 255', 404, 'D 1234 ZD', '42365128', '424038', 'Merk Kendaraan', 'Putih', 'R4', 'Bensin', 'Penumpang', 'Merah', 'Model', 2015, 2013, 'KO887', NULL, NULL, '2020-05-21 10:56:00', '0000-00-00 00:00:00', 0, NULL),
(256, 256, 'Pemilik Kendaraan 256', '87654576', 'Pemilik Kendaraan 256', 405, 'D 1235 ZD', '42365129', '424039', 'Merk Kendaraan', 'Putih', 'R2', 'Solar', 'Penumpang', 'Kuning', 'Model', 2018, 2018, 'KO888', NULL, NULL, '2020-05-21 10:56:00', '0000-00-00 00:00:00', 0, NULL),
(257, 257, 'Pemilik Kendaraan 257', '87654577', 'Pemilik Kendaraan 257', 406, 'D 1234 ZD', '42365130', '424040', 'Merk Kendaraan', 'Merah', 'R4', 'Solar', 'Penumpang', 'Hitam', 'Model', 2016, 2019, 'KO889', NULL, NULL, '2020-05-21 10:56:00', '0000-00-00 00:00:00', 0, NULL),
(258, 258, 'Pemilik Kendaraan 258', '87654578', 'Pemilik Kendaraan 258', 407, 'D 1235 ZD', '42365131', '424041', 'Merk Kendaraan', 'Hitam', 'R2', 'Solar', 'Penumpang', 'Hitam', 'Model', 2012, 2014, 'KO890', NULL, NULL, '2020-05-21 10:56:00', '0000-00-00 00:00:00', 0, NULL),
(259, 259, 'Pemilik Kendaraan 259', '87654579', 'Pemilik Kendaraan 259', 408, 'D 1234 ZD', '42365132', '424042', 'Merk Kendaraan', 'Merah', 'R4', 'Bensin', 'Penumpang', 'Merah', 'Model', 2018, 2015, 'KO891', NULL, NULL, '2020-05-21 10:56:00', '0000-00-00 00:00:00', 0, NULL),
(260, 260, 'Pemilik Kendaraan 260', '87654580', 'Pemilik Kendaraan 260', 409, 'D 1235 ZD', '42365133', '424043', 'Merk Kendaraan', 'Hitam', 'R2', 'Bensin', 'Penumpang', 'Merah', 'Model', 2018, 2019, 'KO892', NULL, NULL, '2020-05-21 10:56:00', '0000-00-00 00:00:00', 0, NULL),
(261, 261, 'Pemilik Kendaraan 261', '87654581', 'Pemilik Kendaraan 261', 410, 'D 1234 ZD', '42365134', '424044', 'Merk Kendaraan', 'Putih', 'R4', 'Bensin', 'Penumpang', 'Merah', 'Model', 2015, 2012, 'KO893', NULL, NULL, '2020-05-21 10:56:00', '0000-00-00 00:00:00', 0, NULL),
(262, 262, 'Pemilik Kendaraan 262', '87654582', 'Pemilik Kendaraan 262', 411, 'D 1235 ZD', '42365135', '424045', 'Merk Kendaraan', 'Hitam', 'R2', 'Solar', 'Penumpang', 'Hitam', 'Model', 2017, 2014, 'KO894', NULL, NULL, '2020-05-21 10:56:00', '0000-00-00 00:00:00', 0, NULL),
(263, 263, 'Pemilik Kendaraan 263', '87654583', 'Pemilik Kendaraan 263', 412, 'D 1234 ZD', '42365136', '424046', 'Merk Kendaraan', 'Merah', 'R2', 'Solar', 'Penumpang', 'Kuning', 'Model', 2019, 2019, 'KO895', NULL, NULL, '2020-05-21 10:56:00', '0000-00-00 00:00:00', 0, NULL),
(264, 264, 'Pemilik Kendaraan 264', '87654584', 'Pemilik Kendaraan 264', 413, 'D 1235 ZD', '42365137', '424047', 'Merk Kendaraan', 'Putih', 'R2', 'Bensin', 'Penumpang', 'Hitam', 'Model', 2016, 2013, 'KO896', NULL, NULL, '2020-05-21 10:56:00', '0000-00-00 00:00:00', 0, NULL),
(265, 265, 'Pemilik Kendaraan 265', '87654585', 'Pemilik Kendaraan 265', 414, 'D 1234 ZD', '42365138', '424048', 'Merk Kendaraan', 'Hitam', 'R4', 'Solar', 'Penumpang', 'Merah', 'Model', 2018, 2013, 'KO897', NULL, NULL, '2020-05-21 10:56:00', '0000-00-00 00:00:00', 0, NULL),
(266, 266, 'Pemilik Kendaraan 266', '87654586', 'Pemilik Kendaraan 266', 415, 'D 1235 ZD', '42365139', '424049', 'Merk Kendaraan', 'Hitam', 'R4', 'Solar', 'Penumpang', 'Hitam', 'Model', 2013, 2018, 'KO898', NULL, NULL, '2020-05-21 10:56:00', '0000-00-00 00:00:00', 0, NULL),
(267, 267, 'Pemilik Kendaraan 267', '87654587', 'Pemilik Kendaraan 267', 416, 'D 1234 ZD', '42365140', '424050', 'Merk Kendaraan', 'Putih', 'R2', 'Bensin', 'Penumpang', 'Hitam', 'Model', 2019, 2013, 'KO899', NULL, NULL, '2020-05-21 10:56:00', '0000-00-00 00:00:00', 0, NULL),
(268, 268, 'Pemilik Kendaraan 268', '87654588', 'Pemilik Kendaraan 268', 417, 'D 1235 ZD', '42365141', '424051', 'Merk Kendaraan', 'Hitam', 'R2', 'Bensin', 'Penumpang', 'Hitam', 'Model', 2018, 2012, 'KO900', NULL, NULL, '2020-05-21 10:56:00', '0000-00-00 00:00:00', 0, NULL),
(269, 269, 'Pemilik Kendaraan 269', '87654589', 'Pemilik Kendaraan 269', 418, 'D 1234 ZD', '42365142', '424052', 'Merk Kendaraan', 'Putih', 'R2', 'Solar', 'Penumpang', 'Merah', 'Model', 2014, 2013, 'KO901', NULL, NULL, '2020-05-21 10:56:00', '0000-00-00 00:00:00', 0, NULL),
(270, 270, 'Pemilik Kendaraan 270', '87654590', 'Pemilik Kendaraan 270', 419, 'D 1235 ZD', '42365143', '424053', 'Merk Kendaraan', 'Putih', 'R2', 'Bensin', 'Penumpang', 'Kuning', 'Model', 2014, 2014, 'KO902', NULL, NULL, '2020-05-21 10:56:00', '0000-00-00 00:00:00', 0, NULL),
(271, 271, 'Pemilik Kendaraan 271', '87654591', 'Pemilik Kendaraan 271', 420, 'D 1234 ZD', '42365144', '424054', 'Merk Kendaraan', 'Merah', 'R4', 'Bensin', 'Penumpang', 'Hitam', 'Model', 2018, 2013, 'KO903', NULL, NULL, '2020-05-21 10:56:00', '0000-00-00 00:00:00', 0, NULL),
(272, 272, 'Pemilik Kendaraan 272', '87654592', 'Pemilik Kendaraan 272', 421, 'D 1235 ZD', '42365145', '424055', 'Merk Kendaraan', 'Hitam', 'R2', 'Bensin', 'Penumpang', 'Hitam', 'Model', 2016, 2012, 'KO904', NULL, NULL, '2020-05-21 10:56:00', '0000-00-00 00:00:00', 0, NULL),
(273, 273, 'Pemilik Kendaraan 273', '87654593', 'Pemilik Kendaraan 273', 422, 'D 1234 ZD', '42365146', '424056', 'Merk Kendaraan', 'Merah', 'R4', 'Solar', 'Penumpang', 'Kuning', 'Model', 2013, 2015, 'KO905', NULL, NULL, '2020-05-21 10:56:00', '0000-00-00 00:00:00', 0, NULL),
(274, 274, 'Pemilik Kendaraan 274', '87654594', 'Pemilik Kendaraan 274', 423, 'D 1235 ZD', '42365147', '424057', 'Merk Kendaraan', 'Hitam', 'R2', 'Solar', 'Penumpang', 'Merah', 'Model', 2019, 2013, 'KO906', NULL, NULL, '2020-05-21 10:56:00', '0000-00-00 00:00:00', 0, NULL),
(275, 275, 'Pemilik Kendaraan 275', '87654595', 'Pemilik Kendaraan 275', 424, 'D 1234 ZD', '42365148', '424058', 'Merk Kendaraan', 'Merah', 'R4', 'Solar', 'Penumpang', 'Kuning', 'Model', 2017, 2017, 'KO907', NULL, NULL, '2020-05-21 10:56:00', '0000-00-00 00:00:00', 0, NULL),
(276, 276, 'Pemilik Kendaraan 276', '87654596', 'Pemilik Kendaraan 276', 425, 'D 1235 ZD', '42365149', '424059', 'Merk Kendaraan', 'Merah', 'R4', 'Bensin', 'Penumpang', 'Hitam', 'Model', 2019, 2018, 'KO908', NULL, NULL, '2020-05-21 10:56:00', '0000-00-00 00:00:00', 0, NULL),
(277, 277, 'Pemilik Kendaraan 277', '87654597', 'Pemilik Kendaraan 277', 426, 'D 1234 ZD', '42365150', '424060', 'Merk Kendaraan', 'Putih', 'R2', 'Bensin', 'Penumpang', 'Hitam', 'Model', 2016, 2018, 'KO909', NULL, NULL, '2020-05-21 10:56:00', '0000-00-00 00:00:00', 0, NULL),
(278, 278, 'Pemilik Kendaraan 278', '87654598', 'Pemilik Kendaraan 278', 427, 'D 1235 ZD', '42365151', '424061', 'Merk Kendaraan', 'Merah', 'R2', 'Bensin', 'Penumpang', 'Merah', 'Model', 2018, 2017, 'KO910', NULL, NULL, '2020-05-21 10:56:00', '0000-00-00 00:00:00', 0, NULL),
(279, 279, 'Pemilik Kendaraan 279', '87654599', 'Pemilik Kendaraan 279', 428, 'D 1234 ZD', '42365152', '424062', 'Merk Kendaraan', 'Hitam', 'R2', 'Solar', 'Penumpang', 'Hitam', 'Model', 2018, 2016, 'KO911', NULL, NULL, '2020-05-21 10:56:00', '0000-00-00 00:00:00', 0, NULL),
(280, 280, 'Pemilik Kendaraan 280', '87654600', 'Pemilik Kendaraan 280', 429, 'D 1235 ZD', '42365153', '424063', 'Merk Kendaraan', 'Hitam', 'R4', 'Bensin', 'Penumpang', 'Kuning', 'Model', 2019, 2017, 'KO912', NULL, NULL, '2020-05-21 10:56:00', '0000-00-00 00:00:00', 0, NULL),
(281, 281, 'Pemilik Kendaraan 281', '87654601', 'Pemilik Kendaraan 281', 430, 'D 1234 ZD', '42365154', '424064', 'Merk Kendaraan', 'Merah', 'R4', 'Solar', 'Penumpang', 'Merah', 'Model', 2014, 2013, 'KO913', NULL, NULL, '2020-05-21 10:56:00', '0000-00-00 00:00:00', 0, NULL),
(282, 282, 'Pemilik Kendaraan 282', '87654602', 'Pemilik Kendaraan 282', 431, 'D 1235 ZD', '42365155', '424065', 'Merk Kendaraan', 'Putih', 'R2', 'Solar', 'Penumpang', 'Kuning', 'Model', 2012, 2013, 'KO914', NULL, NULL, '2020-05-21 10:56:00', '0000-00-00 00:00:00', 0, NULL),
(283, 283, 'Pemilik Kendaraan 283', '87654603', 'Pemilik Kendaraan 283', 432, 'D 1234 ZD', '42365156', '424066', 'Merk Kendaraan', 'Hitam', 'R2', 'Solar', 'Penumpang', 'Kuning', 'Model', 2015, 2013, 'KO915', NULL, NULL, '2020-05-21 10:56:00', '0000-00-00 00:00:00', 0, NULL),
(284, 284, 'Pemilik Kendaraan 284', '87654604', 'Pemilik Kendaraan 284', 433, 'D 1235 ZD', '42365157', '424067', 'Merk Kendaraan', 'Merah', 'R4', 'Bensin', 'Penumpang', 'Merah', 'Model', 2018, 2015, 'KO916', NULL, NULL, '2020-05-21 10:56:00', '0000-00-00 00:00:00', 0, NULL),
(285, 285, 'Pemilik Kendaraan 285', '87654605', 'Pemilik Kendaraan 285', 434, 'D 1234 ZD', '42365158', '424068', 'Merk Kendaraan', 'Merah', 'R2', 'Solar', 'Penumpang', 'Kuning', 'Model', 2019, 2016, 'KO917', NULL, NULL, '2020-05-21 10:56:00', '0000-00-00 00:00:00', 0, NULL),
(286, 286, 'Pemilik Kendaraan 286', '87654606', 'Pemilik Kendaraan 286', 435, 'D 1235 ZD', '42365159', '424069', 'Merk Kendaraan', 'Putih', 'R2', 'Solar', 'Penumpang', 'Hitam', 'Model', 2013, 2017, 'KO918', NULL, NULL, '2020-05-21 10:56:00', '0000-00-00 00:00:00', 0, NULL),
(287, 287, 'Pemilik Kendaraan 287', '87654607', 'Pemilik Kendaraan 287', 436, 'D 1234 ZD', '42365160', '424070', 'Merk Kendaraan', 'Hitam', 'R4', 'Bensin', 'Penumpang', 'Kuning', 'Model', 2016, 2019, 'KO919', NULL, NULL, '2020-05-21 10:56:00', '0000-00-00 00:00:00', 0, NULL),
(288, 288, 'Pemilik Kendaraan 288', '87654608', 'Pemilik Kendaraan 288', 437, 'D 1235 ZD', '42365161', '424071', 'Merk Kendaraan', 'Putih', 'R2', 'Bensin', 'Penumpang', 'Kuning', 'Model', 2012, 2019, 'KO920', NULL, NULL, '2020-05-21 10:56:00', '0000-00-00 00:00:00', 0, NULL),
(289, 289, 'Pemilik Kendaraan 289', '87654609', 'Pemilik Kendaraan 289', 438, 'D 1234 ZD', '42365162', '424072', 'Merk Kendaraan', 'Hitam', 'R2', 'Bensin', 'Penumpang', 'Merah', 'Model', 2019, 2012, 'KO921', NULL, NULL, '2020-05-21 10:56:00', '0000-00-00 00:00:00', 0, NULL),
(290, 290, 'Pemilik Kendaraan 290', '87654610', 'Pemilik Kendaraan 290', 439, 'D 1235 ZD', '42365163', '424073', 'Merk Kendaraan', 'Hitam', 'R4', 'Bensin', 'Penumpang', 'Merah', 'Model', 2019, 2012, 'KO922', NULL, NULL, '2020-05-21 10:56:00', '0000-00-00 00:00:00', 0, NULL),
(291, 291, 'Pemilik Kendaraan 291', '87654611', 'Pemilik Kendaraan 291', 440, 'D 1234 ZD', '42365164', '424074', 'Merk Kendaraan', 'Merah', 'R4', 'Bensin', 'Penumpang', 'Kuning', 'Model', 2018, 2018, 'KO923', NULL, NULL, '2020-05-21 10:56:00', '0000-00-00 00:00:00', 0, NULL),
(292, 292, 'Pemilik Kendaraan 292', '87654612', 'Pemilik Kendaraan 292', 441, 'D 1235 ZD', '42365165', '424075', 'Merk Kendaraan', 'Merah', 'R4', 'Bensin', 'Penumpang', 'Hitam', 'Model', 2013, 2016, 'KO924', NULL, NULL, '2020-05-21 10:56:00', '0000-00-00 00:00:00', 0, NULL),
(293, 293, 'Pemilik Kendaraan 293', '87654613', 'Pemilik Kendaraan 293', 442, 'D 1234 ZD', '42365166', '424076', 'Merk Kendaraan', 'Putih', 'R4', 'Bensin', 'Penumpang', 'Hitam', 'Model', 2015, 2015, 'KO925', NULL, NULL, '2020-05-21 10:56:00', '0000-00-00 00:00:00', 0, NULL),
(294, 294, 'Pemilik Kendaraan 294', '87654614', 'Pemilik Kendaraan 294', 443, 'D 1235 ZD', '42365167', '424077', 'Merk Kendaraan', 'Hitam', 'R4', 'Bensin', 'Penumpang', 'Hitam', 'Model', 2015, 2019, 'KO926', NULL, NULL, '2020-05-21 10:56:00', '0000-00-00 00:00:00', 0, NULL),
(295, 295, 'Pemilik Kendaraan 295', '87654615', 'Pemilik Kendaraan 295', 444, 'D 1234 ZD', '42365168', '424078', 'Merk Kendaraan', 'Hitam', 'R2', 'Bensin', 'Penumpang', 'Hitam', 'Model', 2015, 2013, 'KO927', NULL, NULL, '2020-05-21 10:56:00', '0000-00-00 00:00:00', 0, NULL),
(296, 296, 'Pemilik Kendaraan 296', '87654616', 'Pemilik Kendaraan 296', 445, 'D 1235 ZD', '42365169', '424079', 'Merk Kendaraan', 'Putih', 'R4', 'Solar', 'Penumpang', 'Merah', 'Model', 2013, 2017, 'KO928', NULL, NULL, '2020-05-21 10:56:00', '0000-00-00 00:00:00', 0, NULL),
(297, 297, 'Pemilik Kendaraan 297', '87654617', 'Pemilik Kendaraan 297', 446, 'D 1234 ZD', '42365170', '424080', 'Merk Kendaraan', 'Hitam', 'R4', 'Bensin', 'Penumpang', 'Kuning', 'Model', 2016, 2018, 'KO929', NULL, NULL, '2020-05-21 10:56:00', '0000-00-00 00:00:00', 0, NULL),
(298, 298, 'Pemilik Kendaraan 298', '87654618', 'Pemilik Kendaraan 298', 447, 'D 1235 ZD', '42365171', '424081', 'Merk Kendaraan', 'Merah', 'R4', 'Bensin', 'Penumpang', 'Kuning', 'Model', 2017, 2016, 'KO930', NULL, NULL, '2020-05-21 10:56:00', '0000-00-00 00:00:00', 0, NULL),
(299, 299, 'Pemilik Kendaraan 299', '87654619', 'Pemilik Kendaraan 299', 448, 'D 1234 ZD', '42365172', '424082', 'Merk Kendaraan', 'Merah', 'R2', 'Bensin', 'Penumpang', 'Merah', 'Model', 2015, 2012, 'KO931', NULL, NULL, '2020-05-21 10:56:00', '0000-00-00 00:00:00', 0, NULL),
(300, 300, 'Pemilik Kendaraan 300', '87654620', 'Pemilik Kendaraan 300', 449, 'D 1235 ZD', '42365173', '424083', 'Merk Kendaraan', 'Hitam', 'R2', 'Solar', 'Penumpang', 'Hitam', 'Model', 2018, 2019, 'KO932', NULL, NULL, '2020-05-21 10:56:00', '0000-00-00 00:00:00', 0, NULL),
(301, 301, 'Egi', '2323527', 'Bandung', 2131233213, 'D 234567 TY', '12', '32', 'Honda', 'hitam', 'Motor', 'bensin', 'R4', 'Hitam', '12', 2020, 2019, '2223123', '-6.896179914402154', '107.59605560576841', '2020-08-31 12:44:36', '2020-08-31 12:44:36', 0, NULL),
(302, 302, 'Egi Rizky', '2323527', 'Bandung', 2131233213, 'D 234567 TY', '12', '32', 'Honda', 'hitam', 'Motor', 'bensin', 'R2', 'Hitam', '12', 2020, 2019, '2223123', '-6.911538475662979', '107.62049199087983', '2020-11-21 04:00:30', '2020-11-21 04:00:30', 0, NULL),
(303, 303, 'yanto', '2323527', 'Bandung', 155, 'D 234567 TY', '12', '32', 'Honda', 'hitam', 'Motor', 'bensin', 'R2', 'Hitam', '12', 2020, 2081, '2223123', '-6.917490486356158', '107.61303061017327', '2020-11-21 04:07:28', '2020-11-21 04:07:28', 0, NULL);

-- --------------------------------------------------------

--
-- Struktur dari tabel `users`
--

DROP TABLE IF EXISTS `users`;
CREATE TABLE `users` (
  `id` bigint(20) UNSIGNED NOT NULL,
  `name` varchar(191) COLLATE utf8mb4_unicode_ci NOT NULL,
  `email` varchar(191) COLLATE utf8mb4_unicode_ci NOT NULL,
  `email_verified_at` timestamp NULL DEFAULT NULL,
  `password` varchar(191) COLLATE utf8mb4_unicode_ci NOT NULL,
  `remember_token` varchar(100) COLLATE utf8mb4_unicode_ci DEFAULT NULL,
  `created_at` timestamp NULL DEFAULT NULL,
  `updated_at` timestamp NULL DEFAULT NULL,
  `role_id` bigint(20) UNSIGNED NOT NULL,
  `satker_id` bigint(20) UNSIGNED NOT NULL
) ENGINE=InnoDB DEFAULT CHARSET=utf8mb4 COLLATE=utf8mb4_unicode_ci;

--
-- Dumping data untuk tabel `users`
--

INSERT INTO `users` (`id`, `name`, `email`, `email_verified_at`, `password`, `remember_token`, `created_at`, `updated_at`, `role_id`, `satker_id`) VALUES
(1, 'Administartor', 'admin@admin.com', NULL, '$2y$12$zGcov5MPQs0iIYmmSRuUL.pAy5ecCNHHNEMYquYO6XHgbCokpE4NG', NULL, NULL, NULL, 1, 0),
(2, 'Sat Reskrimrestabes  Bandung update', 'satreskrimrestabesbandung@test.com', NULL, '$2y$10$7j/.V1QDP9CCV8jjxjZzG.oBJBHdnd/gRtf4FxPdJBf16kJ/.phjm', NULL, '2020-05-21 03:05:30', '2020-09-19 20:47:37', 2, 1),
(3, 'Unit Reskrim Andir', 'unitreskrimandir@test.com', NULL, '$2y$12$zGcov5MPQs0iIYmmSRuUL.pAy5ecCNHHNEMYquYO6XHgbCokpE4NG', NULL, '2020-05-21 03:05:30', NULL, 3, 2),
(4, 'Unit Reskrim Antapani', 'unitreskrimantapani@test.com', NULL, '$2y$12$zGcov5MPQs0iIYmmSRuUL.pAy5ecCNHHNEMYquYO6XHgbCokpE4NG', NULL, '2020-05-21 03:05:30', NULL, 3, 3),
(5, 'Unit Reskrim Arcamanik', 'unitreskrimarcamanik@test.com', NULL, '$2y$12$zGcov5MPQs0iIYmmSRuUL.pAy5ecCNHHNEMYquYO6XHgbCokpE4NG', NULL, '2020-05-21 03:05:30', NULL, 3, 4),
(6, 'Unit Reskrim Astana Anyar', 'unitreskrimastanaanyar@test.com', NULL, '$2y$12$zGcov5MPQs0iIYmmSRuUL.pAy5ecCNHHNEMYquYO6XHgbCokpE4NG', NULL, '2020-05-21 03:05:30', NULL, 3, 5),
(7, 'Unit Reskrim Bandung Kidul', 'unitreskrimbandungkidul@test.com', NULL, '$2y$12$zGcov5MPQs0iIYmmSRuUL.pAy5ecCNHHNEMYquYO6XHgbCokpE4NG', NULL, '2020-05-21 03:05:30', NULL, 3, 6),
(8, 'Unit Reskrim Babakan Ciparay', 'unitreskrimbabakanciparay@test.com', NULL, '$2y$12$zGcov5MPQs0iIYmmSRuUL.pAy5ecCNHHNEMYquYO6XHgbCokpE4NG', NULL, '2020-05-21 03:05:30', NULL, 3, 7),
(9, 'Unit Reskrim Bandung Kulon', 'unitreskrimbandungkulon@test.com', NULL, '$2y$12$zGcov5MPQs0iIYmmSRuUL.pAy5ecCNHHNEMYquYO6XHgbCokpE4NG', NULL, '2020-05-21 03:05:30', NULL, 3, 8),
(10, 'Unit Reskrim Bandung Wetan', 'unitreskrimbandungwetan@test.com', NULL, '$2y$12$zGcov5MPQs0iIYmmSRuUL.pAy5ecCNHHNEMYquYO6XHgbCokpE4NG', NULL, '2020-05-21 03:05:30', NULL, 3, 9),
(11, 'Unit Reskrim Batununggal', 'unitreskrimbatununggal@test.com', NULL, '$2y$12$zGcov5MPQs0iIYmmSRuUL.pAy5ecCNHHNEMYquYO6XHgbCokpE4NG', NULL, '2020-05-21 03:05:30', NULL, 3, 10),
(12, 'Unit Reskrim Bojongloa Kaler', 'unitreskrimbojongloakaler@test.com', NULL, '$2y$12$zGcov5MPQs0iIYmmSRuUL.pAy5ecCNHHNEMYquYO6XHgbCokpE4NG', NULL, '2020-05-21 03:05:30', NULL, 3, 11),
(13, 'Unit Reskrim Bojongloa Kidul', 'unitreskrimbojongloakidul@test.com', NULL, '$2y$12$zGcov5MPQs0iIYmmSRuUL.pAy5ecCNHHNEMYquYO6XHgbCokpE4NG', NULL, '2020-05-21 03:05:30', NULL, 3, 12),
(14, 'Unit Reskrim Buahbatu', 'unitreskrimbuahbatu@test.com', NULL, '$2y$12$zGcov5MPQs0iIYmmSRuUL.pAy5ecCNHHNEMYquYO6XHgbCokpE4NG', NULL, '2020-05-21 03:05:30', NULL, 3, 13),
(15, 'Unit Reskrim Cibeunying Kaler', 'unitreskrimcibeunyingkaler@test.com', NULL, '$2y$12$zGcov5MPQs0iIYmmSRuUL.pAy5ecCNHHNEMYquYO6XHgbCokpE4NG', NULL, '2020-05-21 03:05:30', NULL, 3, 14),
(16, 'Unit Reskrim Cibeunying Kidul', 'unitreskrimcibeunyingkidul@test.com', NULL, '$2y$12$zGcov5MPQs0iIYmmSRuUL.pAy5ecCNHHNEMYquYO6XHgbCokpE4NG', NULL, '2020-05-21 03:05:30', NULL, 3, 15),
(17, 'Unit Reskrim Cicendo', 'unitreskrimcicendo@test.com', NULL, '$2y$12$zGcov5MPQs0iIYmmSRuUL.pAy5ecCNHHNEMYquYO6XHgbCokpE4NG', NULL, '2020-05-21 03:05:30', NULL, 3, 16),
(18, 'Unit Reskrim Cidadap', 'unitreskrimcidadap@test.com', NULL, '$2y$12$zGcov5MPQs0iIYmmSRuUL.pAy5ecCNHHNEMYquYO6XHgbCokpE4NG', NULL, '2020-05-21 03:05:30', NULL, 3, 17),
(19, 'Unit Reskrim Cinambo', 'unitreskrimcinambo@test.com', NULL, '$2y$12$zGcov5MPQs0iIYmmSRuUL.pAy5ecCNHHNEMYquYO6XHgbCokpE4NG', NULL, '2020-05-21 03:05:30', NULL, 3, 18),
(20, 'Unit Reskrim Coblong', 'unitreskrimcoblong@test.com', NULL, '$2y$12$zGcov5MPQs0iIYmmSRuUL.pAy5ecCNHHNEMYquYO6XHgbCokpE4NG', NULL, '2020-05-21 03:05:30', NULL, 3, 19),
(21, 'Unit Reskrim Gedebage', 'unitreskrimgedebage@test.com', NULL, '$2y$12$zGcov5MPQs0iIYmmSRuUL.pAy5ecCNHHNEMYquYO6XHgbCokpE4NG', NULL, '2020-05-21 03:05:30', NULL, 3, 20),
(22, 'Unit Reskrim Kiaracondong', 'unitreskrimkiaracondong@test.com', NULL, '$2y$12$zGcov5MPQs0iIYmmSRuUL.pAy5ecCNHHNEMYquYO6XHgbCokpE4NG', NULL, '2020-05-21 03:05:30', NULL, 3, 21),
(23, 'Unit Reskrim Lengkong', 'unitreskrimlengkong@test.com', NULL, '$2y$12$zGcov5MPQs0iIYmmSRuUL.pAy5ecCNHHNEMYquYO6XHgbCokpE4NG', NULL, '2020-05-21 03:05:30', NULL, 3, 22),
(24, 'Unit Reskrim Panyileukan', 'unitreskrimpanyileukan@test.com', NULL, '$2y$12$zGcov5MPQs0iIYmmSRuUL.pAy5ecCNHHNEMYquYO6XHgbCokpE4NG', NULL, '2020-05-21 03:05:30', NULL, 3, 23),
(25, 'Unit Reskrim Rancasari', 'unitreskrimrancasari@test.com', NULL, '$2y$12$zGcov5MPQs0iIYmmSRuUL.pAy5ecCNHHNEMYquYO6XHgbCokpE4NG', NULL, '2020-05-21 03:05:30', NULL, 3, 24),
(26, 'Unit Reskrim Regol', 'unitreskrimregol@test.com', NULL, '$2y$12$zGcov5MPQs0iIYmmSRuUL.pAy5ecCNHHNEMYquYO6XHgbCokpE4NG', NULL, '2020-05-21 03:05:30', NULL, 3, 25),
(27, 'Unit Reskrim Sukajadi', 'unitreskrimsukajadi@test.com', NULL, '$2y$12$zGcov5MPQs0iIYmmSRuUL.pAy5ecCNHHNEMYquYO6XHgbCokpE4NG', NULL, '2020-05-21 03:05:30', NULL, 3, 26),
(28, 'Unit Reskrim Sukasari', 'unitreskrimsukasari@test.com', NULL, '$2y$12$zGcov5MPQs0iIYmmSRuUL.pAy5ecCNHHNEMYquYO6XHgbCokpE4NG', NULL, '2020-05-21 03:05:30', NULL, 3, 27),
(29, 'Unit Reskrim Sumur Bandung', 'unitreskrimsumurbandung@test.com', NULL, '$2y$12$zGcov5MPQs0iIYmmSRuUL.pAy5ecCNHHNEMYquYO6XHgbCokpE4NG', NULL, '2020-05-21 03:05:30', NULL, 3, 28),
(30, 'Unit Reskrim Ujungberung', 'unitreskrimujungberung@test.com', NULL, '$2y$12$zGcov5MPQs0iIYmmSRuUL.pAy5ecCNHHNEMYquYO6XHgbCokpE4NG', NULL, '2020-05-21 03:05:30', NULL, 3, 29),
(31, 'Kapolrestabes Bandung', 'kapolrestabesbandung@test.com', NULL, '$2y$12$zGcov5MPQs0iIYmmSRuUL.pAy5ecCNHHNEMYquYO6XHgbCokpE4NG', NULL, NULL, NULL, 4, 1),
(32, 'cici', 'admincici@admin.com', NULL, '$2y$10$vnVSmnTAJFdGyH2o6zpgd.dhF8hpwiUm.GcXcQbaB82MhJM.JbhYK', NULL, '2020-09-13 00:19:02', '2020-09-13 00:19:02', 2, 1),
(33, 'framework', 'framework@test.com', NULL, '$2y$10$t9PaRNAv7eVjso3Cc1c9EOpmpTnytKT4tv4CiYfthpLGNnPc06cLy', NULL, '2020-09-13 00:21:39', '2020-09-13 00:21:39', 2, 1);

-- --------------------------------------------------------

--
-- Stand-in struktur untuk tampilan `v_bb_found`
-- (Lihat di bawah untuk tampilan aktual)
--
DROP VIEW IF EXISTS `v_bb_found`;
CREATE TABLE `v_bb_found` (
`id` int(11)
,`id_user` bigint(20) unsigned
,`nomor` varchar(64)
,`tanggal` date
,`id_bb` int(11)
,`nomor_registrasi` varchar(64)
,`isFound` int(11)
,`isFoundId` int(11)
,`nama_satker` varchar(64)
);

-- --------------------------------------------------------

--
-- Stand-in struktur untuk tampilan `v_dashbaord_lp`
-- (Lihat di bawah untuk tampilan aktual)
--
DROP VIEW IF EXISTS `v_dashbaord_lp`;
CREATE TABLE `v_dashbaord_lp` (
`TotalLP` bigint(21)
,`LpBulanIni` bigint(21)
,`LpHariIni` bigint(21)
);

-- --------------------------------------------------------

--
-- Stand-in struktur untuk tampilan `v_dashbaord_lp_status`
-- (Lihat di bawah untuk tampilan aktual)
--
DROP VIEW IF EXISTS `v_dashbaord_lp_status`;
CREATE TABLE `v_dashbaord_lp_status` (
`P21` decimal(23,0)
,`TAHAP2` decimal(23,0)
,`SP3` decimal(23,0)
);

-- --------------------------------------------------------

--
-- Stand-in struktur untuk tampilan `v_dashboard_lp_user`
-- (Lihat di bawah untuk tampilan aktual)
--
DROP VIEW IF EXISTS `v_dashboard_lp_user`;
CREATE TABLE `v_dashboard_lp_user` (
`id` bigint(20) unsigned
,`TotalLP` bigint(21)
,`LpBulanIni` bigint(21)
,`LpHariIni` bigint(21)
);

-- --------------------------------------------------------

--
-- Stand-in struktur untuk tampilan `v_jumlah_lp`
-- (Lihat di bawah untuk tampilan aktual)
--
DROP VIEW IF EXISTS `v_jumlah_lp`;
CREATE TABLE `v_jumlah_lp` (
`satker_id` bigint(20) unsigned
,`jumlah_lp` bigint(21)
);

-- --------------------------------------------------------

--
-- Stand-in struktur untuk tampilan `v_jumlah_lp_by_bulan`
-- (Lihat di bawah untuk tampilan aktual)
--
DROP VIEW IF EXISTS `v_jumlah_lp_by_bulan`;
CREATE TABLE `v_jumlah_lp_by_bulan` (
`id` int(11)
,`name` varchar(64)
,`y` bigint(21)
);

-- --------------------------------------------------------

--
-- Stand-in struktur untuk tampilan `v_lp_bulan`
-- (Lihat di bawah untuk tampilan aktual)
--
DROP VIEW IF EXISTS `v_lp_bulan`;
CREATE TABLE `v_lp_bulan` (
`JumlahLP` bigint(21)
,`id_user` bigint(20) unsigned
);

-- --------------------------------------------------------

--
-- Stand-in struktur untuk tampilan `v_lp_bulan_tahun`
-- (Lihat di bawah untuk tampilan aktual)
--
DROP VIEW IF EXISTS `v_lp_bulan_tahun`;
CREATE TABLE `v_lp_bulan_tahun` (
`lpbulan` int(2)
,`YEAR(lp.tanggal)` int(4)
,`jumLP` bigint(21)
);

-- --------------------------------------------------------

--
-- Stand-in struktur untuk tampilan `v_lp_jumlah`
-- (Lihat di bawah untuk tampilan aktual)
--
DROP VIEW IF EXISTS `v_lp_jumlah`;
CREATE TABLE `v_lp_jumlah` (
`JumlahLP` bigint(21)
,`id_user` bigint(20) unsigned
);

-- --------------------------------------------------------

--
-- Stand-in struktur untuk tampilan `v_lp_tahun`
-- (Lihat di bawah untuk tampilan aktual)
--
DROP VIEW IF EXISTS `v_lp_tahun`;
CREATE TABLE `v_lp_tahun` (
`JumlahLP` bigint(21)
,`id_user` bigint(20) unsigned
);

-- --------------------------------------------------------

--
-- Stand-in struktur untuk tampilan `v_rekap_jumlah_lp`
-- (Lihat di bawah untuk tampilan aktual)
--
DROP VIEW IF EXISTS `v_rekap_jumlah_lp`;
CREATE TABLE `v_rekap_jumlah_lp` (
`satuan_id` bigint(20) unsigned
,`satuan_name` varchar(64)
,`level` int(11)
,`map_path` text
,`satker_id` bigint(20) unsigned
,`satker_name` varchar(64)
,`jumlah_lp` bigint(21)
);

-- --------------------------------------------------------

--
-- Stand-in struktur untuk tampilan `v_satwil`
-- (Lihat di bawah untuk tampilan aktual)
--
DROP VIEW IF EXISTS `v_satwil`;
CREATE TABLE `v_satwil` (
`satuan_id` bigint(20) unsigned
,`satuan_name` varchar(64)
,`level` int(11)
,`map_path` text
,`satker_id` bigint(20) unsigned
,`satker_name` varchar(64)
);

-- --------------------------------------------------------

--
-- Stand-in struktur untuk tampilan `v_t_lp`
-- (Lihat di bawah untuk tampilan aktual)
--
DROP VIEW IF EXISTS `v_t_lp`;
CREATE TABLE `v_t_lp` (
`id` int(11)
,`nomor` varchar(64)
,`tanggal` date
,`id_user` bigint(20) unsigned
,`status` enum('1','2','3','0')
,`created_at` datetime
,`status_lp` varchar(15)
);

-- --------------------------------------------------------

--
-- Stand-in struktur untuk tampilan `v_t_lp_stnk`
-- (Lihat di bawah untuk tampilan aktual)
--
DROP VIEW IF EXISTS `v_t_lp_stnk`;
CREATE TABLE `v_t_lp_stnk` (
`id_user` bigint(20) unsigned
,`nomor` varchar(64)
,`tanggal` date
,`id` int(11)
,`lp_id` int(11)
,`nama` varchar(64)
,`nik` varchar(20)
,`alamat` text
,`isi_silinder` int(11)
,`nomor_registrasi` varchar(64)
,`nomor_rangka` varchar(64)
,`nomor_mesin` varchar(64)
,`merk` varchar(64)
,`warna` varchar(64)
,`type` varchar(64)
,`bahan_bakar` varchar(64)
,`jenis` varchar(64)
,`warna_tnkb` varchar(64)
,`model` varchar(64)
,`tahun_registrasi` int(4)
,`tahun_pembuatan` int(4)
,`nomor_bpkb` varchar(64)
,`latitude` varchar(100)
,`longitude` varchar(100)
,`created_at` datetime
,`updated_at` datetime
,`isFound` int(11)
,`isFoundId` int(11)
);

-- --------------------------------------------------------

--
-- Stand-in struktur untuk tampilan `v_t_user`
-- (Lihat di bawah untuk tampilan aktual)
--
DROP VIEW IF EXISTS `v_t_user`;
CREATE TABLE `v_t_user` (
`id` bigint(20) unsigned
,`name` varchar(191)
,`email` varchar(191)
,`RoleId` bigint(20) unsigned
,`RoleName` varchar(64)
,`SatkerId` bigint(20) unsigned
,`SatkerName` varchar(64)
);

-- --------------------------------------------------------

--
-- Struktur untuk view `v_bb_found`
--
DROP TABLE IF EXISTS `v_bb_found`;

CREATE ALGORITHM=UNDEFINED DEFINER=`root`@`localhost` SQL SECURITY DEFINER VIEW `v_bb_found`  AS  select `a`.`id` AS `id`,`a`.`id_user` AS `id_user`,`a`.`nomor` AS `nomor`,`a`.`tanggal` AS `tanggal`,`b`.`id` AS `id_bb`,`b`.`nomor_registrasi` AS `nomor_registrasi`,`b`.`isFound` AS `isFound`,`b`.`isFoundId` AS `isFoundId`,`c`.`name` AS `nama_satker` from ((`t_lp` `a` join `t_lp_stnk` `b` on((`a`.`id` = `b`.`lp_id`))) left join `m_satker` `c` on((`c`.`id` = `b`.`isFoundId`))) ;

-- --------------------------------------------------------

--
-- Struktur untuk view `v_dashbaord_lp`
--
DROP TABLE IF EXISTS `v_dashbaord_lp`;

CREATE ALGORITHM=UNDEFINED DEFINER=`root`@`localhost` SQL SECURITY DEFINER VIEW `v_dashbaord_lp`  AS  select (select count(1) from `t_lp`) AS `TotalLP`,(select count(1) from `t_lp` where ((month(`t_lp`.`created_at`) = month(now())) and (year(`t_lp`.`created_at`) = year(now())))) AS `LpBulanIni`,(select count(1) from `t_lp` where (cast(`t_lp`.`created_at` as date) = cast(now() as date))) AS `LpHariIni` ;

-- --------------------------------------------------------

--
-- Struktur untuk view `v_dashbaord_lp_status`
--
DROP TABLE IF EXISTS `v_dashbaord_lp_status`;

CREATE ALGORITHM=UNDEFINED DEFINER=`root`@`localhost` SQL SECURITY DEFINER VIEW `v_dashbaord_lp_status`  AS  select sum(if((`lp`.`status` = 1),1,0)) AS `P21`,sum(if((`lp`.`status` = 2),1,0)) AS `TAHAP2`,sum(if((`lp`.`status` = 3),1,0)) AS `SP3` from `t_lp` `lp` ;

-- --------------------------------------------------------

--
-- Struktur untuk view `v_dashboard_lp_user`
--
DROP TABLE IF EXISTS `v_dashboard_lp_user`;

CREATE ALGORITHM=UNDEFINED DEFINER=`root`@`localhost` SQL SECURITY DEFINER VIEW `v_dashboard_lp_user`  AS  select `s`.`id` AS `id`,ifnull(`lp`.`JumlahLP`,0) AS `TotalLP`,ifnull(`lpb`.`JumlahLP`,0) AS `LpBulanIni`,ifnull(`lpt`.`JumlahLP`,0) AS `LpHariIni` from (((`m_satker` `s` left join `v_lp_jumlah` `lp` on((`s`.`id` = `lp`.`id_user`))) left join `v_lp_bulan` `lpb` on((`s`.`id` = `lpb`.`id_user`))) left join `v_lp_tahun` `lpt` on((`s`.`id` = `lpt`.`id_user`))) ;

-- --------------------------------------------------------

--
-- Struktur untuk view `v_jumlah_lp`
--
DROP TABLE IF EXISTS `v_jumlah_lp`;

CREATE ALGORITHM=UNDEFINED DEFINER=`root`@`localhost` SQL SECURITY DEFINER VIEW `v_jumlah_lp`  AS  select `b`.`satker_id` AS `satker_id`,count(1) AS `jumlah_lp` from (`t_lp` `a` join `users` `b` on((`b`.`id` = `a`.`id_user`))) group by `b`.`satker_id` ;

-- --------------------------------------------------------

--
-- Struktur untuk view `v_jumlah_lp_by_bulan`
--
DROP TABLE IF EXISTS `v_jumlah_lp_by_bulan`;

CREATE ALGORITHM=UNDEFINED DEFINER=`root`@`localhost` SQL SECURITY DEFINER VIEW `v_jumlah_lp_by_bulan`  AS  select `b`.`id` AS `id`,`b`.`text` AS `name`,ifnull(`lp`.`jumLP`,0) AS `y` from (`m_bulan` `b` left join `v_lp_bulan_tahun` `lp` on((`b`.`id` = `lp`.`lpbulan`))) ;

-- --------------------------------------------------------

--
-- Struktur untuk view `v_lp_bulan`
--
DROP TABLE IF EXISTS `v_lp_bulan`;

CREATE ALGORITHM=UNDEFINED DEFINER=`root`@`localhost` SQL SECURITY DEFINER VIEW `v_lp_bulan`  AS  select count(1) AS `JumlahLP`,`lp`.`id_user` AS `id_user` from `t_lp` `lp` where ((month(`lp`.`created_at`) = month(now())) and (year(`lp`.`created_at`) = month(now()))) group by `lp`.`id_user` ;

-- --------------------------------------------------------

--
-- Struktur untuk view `v_lp_bulan_tahun`
--
DROP TABLE IF EXISTS `v_lp_bulan_tahun`;

CREATE ALGORITHM=UNDEFINED DEFINER=`root`@`localhost` SQL SECURITY DEFINER VIEW `v_lp_bulan_tahun`  AS  select month(`lp`.`tanggal`) AS `lpbulan`,year(`lp`.`tanggal`) AS `YEAR(lp.tanggal)`,count(1) AS `jumLP` from `t_lp` `lp` where (year(`lp`.`tanggal`) = year(now())) group by month(`lp`.`tanggal`),year(`lp`.`tanggal`) ;

-- --------------------------------------------------------

--
-- Struktur untuk view `v_lp_jumlah`
--
DROP TABLE IF EXISTS `v_lp_jumlah`;

CREATE ALGORITHM=UNDEFINED DEFINER=`root`@`localhost` SQL SECURITY DEFINER VIEW `v_lp_jumlah`  AS  select count(1) AS `JumlahLP`,`lp`.`id_user` AS `id_user` from `t_lp` `lp` group by `lp`.`id_user` ;

-- --------------------------------------------------------

--
-- Struktur untuk view `v_lp_tahun`
--
DROP TABLE IF EXISTS `v_lp_tahun`;

CREATE ALGORITHM=UNDEFINED DEFINER=`root`@`localhost` SQL SECURITY DEFINER VIEW `v_lp_tahun`  AS  select count(1) AS `JumlahLP`,`lp`.`id_user` AS `id_user` from `t_lp` `lp` where (cast(`lp`.`created_at` as date) = cast(now() as date)) group by `lp`.`id_user` ;

-- --------------------------------------------------------

--
-- Struktur untuk view `v_rekap_jumlah_lp`
--
DROP TABLE IF EXISTS `v_rekap_jumlah_lp`;

CREATE ALGORITHM=UNDEFINED DEFINER=`root`@`localhost` SQL SECURITY DEFINER VIEW `v_rekap_jumlah_lp`  AS  select `a`.`satuan_id` AS `satuan_id`,`a`.`satuan_name` AS `satuan_name`,`a`.`level` AS `level`,`a`.`map_path` AS `map_path`,`a`.`satker_id` AS `satker_id`,`a`.`satker_name` AS `satker_name`,`b`.`jumlah_lp` AS `jumlah_lp` from (`v_satwil` `a` left join `v_jumlah_lp` `b` on((`a`.`satker_id` = `b`.`satker_id`))) ;

-- --------------------------------------------------------

--
-- Struktur untuk view `v_satwil`
--
DROP TABLE IF EXISTS `v_satwil`;

CREATE ALGORITHM=UNDEFINED DEFINER=`root`@`localhost` SQL SECURITY DEFINER VIEW `v_satwil`  AS  select `a`.`id` AS `satuan_id`,`a`.`name` AS `satuan_name`,`a`.`level` AS `level`,`a`.`map_path` AS `map_path`,`b`.`id` AS `satker_id`,`b`.`name` AS `satker_name` from (`m_satuan` `a` left join `m_satker` `b` on((`a`.`id` = `b`.`satuan_id`))) ;

-- --------------------------------------------------------

--
-- Struktur untuk view `v_t_lp`
--
DROP TABLE IF EXISTS `v_t_lp`;

CREATE ALGORITHM=UNDEFINED DEFINER=`root`@`localhost` SQL SECURITY DEFINER VIEW `v_t_lp`  AS  select `t_lp`.`id` AS `id`,`t_lp`.`nomor` AS `nomor`,`t_lp`.`tanggal` AS `tanggal`,`t_lp`.`id_user` AS `id_user`,`t_lp`.`status` AS `status`,`t_lp`.`created_at` AS `created_at`,(case when (`t_lp`.`status` = 1) then 'P21' when (`t_lp`.`status` = 2) then 'TAHAP II' when (`t_lp`.`status` = 3) then 'SP3' else 'Tidak diketahui' end) AS `status_lp` from `t_lp` ;

-- --------------------------------------------------------

--
-- Struktur untuk view `v_t_lp_stnk`
--
DROP TABLE IF EXISTS `v_t_lp_stnk`;

CREATE ALGORITHM=UNDEFINED DEFINER=`root`@`localhost` SQL SECURITY DEFINER VIEW `v_t_lp_stnk`  AS  select `b`.`id_user` AS `id_user`,`b`.`nomor` AS `nomor`,`b`.`tanggal` AS `tanggal`,`a`.`id` AS `id`,`a`.`lp_id` AS `lp_id`,`a`.`nama` AS `nama`,`a`.`nik` AS `nik`,`a`.`alamat` AS `alamat`,`a`.`isi_silinder` AS `isi_silinder`,`a`.`nomor_registrasi` AS `nomor_registrasi`,`a`.`nomor_rangka` AS `nomor_rangka`,`a`.`nomor_mesin` AS `nomor_mesin`,`a`.`merk` AS `merk`,`a`.`warna` AS `warna`,`a`.`type` AS `type`,`a`.`bahan_bakar` AS `bahan_bakar`,`a`.`jenis` AS `jenis`,`a`.`warna_tnkb` AS `warna_tnkb`,`a`.`model` AS `model`,`a`.`tahun_registrasi` AS `tahun_registrasi`,`a`.`tahun_pembuatan` AS `tahun_pembuatan`,`a`.`nomor_bpkb` AS `nomor_bpkb`,`a`.`latitude` AS `latitude`,`a`.`longitude` AS `longitude`,`a`.`created_at` AS `created_at`,`a`.`updated_at` AS `updated_at`,`a`.`isFound` AS `isFound`,`a`.`isFoundId` AS `isFoundId` from (`t_lp_stnk` `a` join `t_lp` `b` on((`b`.`id` = `a`.`lp_id`))) ;

-- --------------------------------------------------------

--
-- Struktur untuk view `v_t_user`
--
DROP TABLE IF EXISTS `v_t_user`;

CREATE ALGORITHM=UNDEFINED DEFINER=`root`@`localhost` SQL SECURITY DEFINER VIEW `v_t_user`  AS  select `u`.`id` AS `id`,`u`.`name` AS `name`,`u`.`email` AS `email`,`r`.`id` AS `RoleId`,`r`.`name` AS `RoleName`,`s`.`id` AS `SatkerId`,`s`.`name` AS `SatkerName` from ((`users` `u` left join `roles` `r` on((`r`.`id` = `u`.`role_id`))) left join `m_satker` `s` on((`u`.`satker_id` = `s`.`id`))) ;

--
-- Indexes for dumped tables
--

--
-- Indeks untuk tabel `failed_jobs`
--
ALTER TABLE `failed_jobs`
  ADD PRIMARY KEY (`id`);

--
-- Indeks untuk tabel `migrations`
--
ALTER TABLE `migrations`
  ADD PRIMARY KEY (`id`);

--
-- Indeks untuk tabel `m_bulan`
--
ALTER TABLE `m_bulan`
  ADD PRIMARY KEY (`id`);

--
-- Indeks untuk tabel `m_satker`
--
ALTER TABLE `m_satker`
  ADD PRIMARY KEY (`id`),
  ADD KEY `satuan_id` (`satuan_id`);

--
-- Indeks untuk tabel `m_satuan`
--
ALTER TABLE `m_satuan`
  ADD PRIMARY KEY (`id`);

--
-- Indeks untuk tabel `password_resets`
--
ALTER TABLE `password_resets`
  ADD KEY `password_resets_email_index` (`email`);

--
-- Indeks untuk tabel `roles`
--
ALTER TABLE `roles`
  ADD PRIMARY KEY (`id`);

--
-- Indeks untuk tabel `t_lp`
--
ALTER TABLE `t_lp`
  ADD PRIMARY KEY (`id`),
  ADD KEY `id_user` (`id_user`);

--
-- Indeks untuk tabel `t_lp_pelapor`
--
ALTER TABLE `t_lp_pelapor`
  ADD PRIMARY KEY (`id`),
  ADD KEY `lp_id` (`lp_id`);

--
-- Indeks untuk tabel `t_lp_stnk`
--
ALTER TABLE `t_lp_stnk`
  ADD PRIMARY KEY (`id`),
  ADD KEY `lp_id` (`lp_id`);

--
-- Indeks untuk tabel `users`
--
ALTER TABLE `users`
  ADD PRIMARY KEY (`id`),
  ADD UNIQUE KEY `users_email_unique` (`email`),
  ADD KEY `role_id` (`role_id`),
  ADD KEY `satker_id` (`satker_id`);

--
-- AUTO_INCREMENT untuk tabel yang dibuang
--

--
-- AUTO_INCREMENT untuk tabel `failed_jobs`
--
ALTER TABLE `failed_jobs`
  MODIFY `id` bigint(20) UNSIGNED NOT NULL AUTO_INCREMENT;

--
-- AUTO_INCREMENT untuk tabel `migrations`
--
ALTER TABLE `migrations`
  MODIFY `id` int(10) UNSIGNED NOT NULL AUTO_INCREMENT, AUTO_INCREMENT=7;

--
-- AUTO_INCREMENT untuk tabel `m_bulan`
--
ALTER TABLE `m_bulan`
  MODIFY `id` int(11) NOT NULL AUTO_INCREMENT, AUTO_INCREMENT=13;

--
-- AUTO_INCREMENT untuk tabel `m_satker`
--
ALTER TABLE `m_satker`
  MODIFY `id` bigint(20) UNSIGNED NOT NULL AUTO_INCREMENT, AUTO_INCREMENT=30;

--
-- AUTO_INCREMENT untuk tabel `m_satuan`
--
ALTER TABLE `m_satuan`
  MODIFY `id` bigint(20) UNSIGNED NOT NULL AUTO_INCREMENT, AUTO_INCREMENT=30;

--
-- AUTO_INCREMENT untuk tabel `roles`
--
ALTER TABLE `roles`
  MODIFY `id` bigint(20) UNSIGNED NOT NULL AUTO_INCREMENT, AUTO_INCREMENT=6;

--
-- AUTO_INCREMENT untuk tabel `t_lp`
--
ALTER TABLE `t_lp`
  MODIFY `id` int(11) NOT NULL AUTO_INCREMENT, AUTO_INCREMENT=304;

--
-- AUTO_INCREMENT untuk tabel `t_lp_pelapor`
--
ALTER TABLE `t_lp_pelapor`
  MODIFY `id` int(11) NOT NULL AUTO_INCREMENT, AUTO_INCREMENT=304;

--
-- AUTO_INCREMENT untuk tabel `t_lp_stnk`
--
ALTER TABLE `t_lp_stnk`
  MODIFY `id` int(11) NOT NULL AUTO_INCREMENT, AUTO_INCREMENT=304;

--
-- AUTO_INCREMENT untuk tabel `users`
--
ALTER TABLE `users`
  MODIFY `id` bigint(20) UNSIGNED NOT NULL AUTO_INCREMENT, AUTO_INCREMENT=34;

--
-- Ketidakleluasaan untuk tabel pelimpahan (Dumped Tables)
--

--
-- Ketidakleluasaan untuk tabel `m_satker`
--
ALTER TABLE `m_satker`
  ADD CONSTRAINT `m_satker_ibfk_1` FOREIGN KEY (`satuan_id`) REFERENCES `m_satuan` (`id`);

--
-- Ketidakleluasaan untuk tabel `t_lp`
--
ALTER TABLE `t_lp`
  ADD CONSTRAINT `t_lp_ibfk_1` FOREIGN KEY (`id_user`) REFERENCES `users` (`id`);

--
-- Ketidakleluasaan untuk tabel `t_lp_pelapor`
--
ALTER TABLE `t_lp_pelapor`
  ADD CONSTRAINT `t_lp_pelapor_ibfk_1` FOREIGN KEY (`lp_id`) REFERENCES `t_lp` (`id`) ON DELETE CASCADE ON UPDATE CASCADE;

--
-- Ketidakleluasaan untuk tabel `t_lp_stnk`
--
ALTER TABLE `t_lp_stnk`
  ADD CONSTRAINT `t_lp_stnk_ibfk_1` FOREIGN KEY (`lp_id`) REFERENCES `t_lp` (`id`) ON DELETE CASCADE ON UPDATE CASCADE;

--
-- Ketidakleluasaan untuk tabel `users`
--
ALTER TABLE `users`
  ADD CONSTRAINT `users_ibfk_1` FOREIGN KEY (`role_id`) REFERENCES `roles` (`id`),
  ADD CONSTRAINT `users_ibfk_2` FOREIGN KEY (`satker_id`) REFERENCES `m_satker` (`id`) ON DELETE NO ACTION ON UPDATE NO ACTION;
COMMIT;

/*!40101 SET CHARACTER_SET_CLIENT=@OLD_CHARACTER_SET_CLIENT */;
/*!40101 SET CHARACTER_SET_RESULTS=@OLD_CHARACTER_SET_RESULTS */;
/*!40101 SET COLLATION_CONNECTION=@OLD_COLLATION_CONNECTION */;
